Item_Index,Merger_Value
0.0,0.1226508840918541
1.0,0.1226508840918541
2.0,0.19613446295261383
3.0,0.1226508840918541
4.0,0.1226508840918541
5.0,0.1226508840918541
6.0,0.1226508840918541
7.0,0.1226508840918541
8.0,0.14456947147846222
9.0,0.19851291179656982
10.0,0.1226508840918541
11.0,0.212530255317688
12.0,0.17947299778461456
13.0,0.1226508840918541
14.0,0.43482497334480286
15.0,0.1226508840918541
16.0,0.1412048637866974
17.0,0.2383573055267334
18.0,0.1226508840918541
19.0,0.1397908329963684
20.0,0.21383976936340332
21.0,0.1226508840918541
22.0,0.13028131425380707
23.0,0.1226508840918541
24.0,0.1226508840918541
25.0,0.6781205534934998
26.0,0.1226508840918541
27.0,0.1226508840918541
28.0,0.8848721981048584
29.0,0.874949038028717
30.0,0.1226508840918541
31.0,0.1321898102760315
32.0,0.1226508840918541
33.0,0.7044245600700378
34.0,0.15410256385803223
35.0,0.22947898507118225
36.0,0.1226508840918541
37.0,0.1259782761335373
38.0,0.1226508840918541
39.0,0.23298659920692444
40.0,0.2930050790309906
41.0,0.1226508840918541
42.0,0.1658811718225479
43.0,0.13386930525302887
44.0,0.14320097863674164
45.0,0.1226508840918541
46.0,0.1226508840918541
47.0,0.1226508840918541
48.0,0.18802833557128906
49.0,0.1226508840918541
50.0,0.1226508840918541
51.0,0.1226508840918541
52.0,0.1226508840918541
53.0,0.15699107944965363
54.0,0.6485903263092041
55.0,0.19390232861042023
56.0,0.1226508840918541
57.0,0.2407299280166626
58.0,0.1246001124382019
59.0,0.1226508840918541
60.0,0.1226508840918541
61.0,0.0987718477845192
62.0,0.2312890589237213
63.0,0.1226508840918541
64.0,0.20120178163051605
65.0,0.13778109848499298
66.0,0.21202817559242249
67.0,0.6658545136451721
68.0,0.1226508840918541
69.0,0.2095767706632614
70.0,0.17028950154781342
71.0,0.12284031510353088
72.0,0.1226508840918541
73.0,0.5016618967056274
74.0,0.1226508840918541
75.0,0.1226508840918541
76.0,0.3064328730106354
77.0,0.1522126942873001
78.0,0.1267947107553482
79.0,0.13270731270313263
80.0,0.1226508840918541
81.0,0.1226508840918541
82.0,0.1226508840918541
83.0,0.1226508840918541
84.0,0.3360365927219391
85.0,0.17903125286102295
86.0,0.1226508840918541
87.0,0.1226508840918541
88.0,0.1226508840918541
89.0,0.1226508840918541
90.0,0.1226508840918541
91.0,0.1226508840918541
92.0,0.1899612545967102
93.0,0.1226508840918541
94.0,0.4807684123516083
95.0,0.1226508840918541
96.0,0.1226508840918541
97.0,0.19575662910938263
98.0,0.1226508840918541
99.0,0.1226508840918541
100.0,0.1226508840918541
101.0,0.1226508840918541
102.0,0.13197465240955353
103.0,0.2282072752714157
104.0,0.1226508840918541
105.0,0.48942601680755615
106.0,0.08909818530082703
107.0,0.25667476654052734
108.0,0.1226508840918541
109.0,0.23538216948509216
110.0,0.12732484936714172
111.0,0.1226508840918541
112.0,0.163198322057724
113.0,0.1226508840918541
114.0,0.1226508840918541
115.0,0.1226508840918541
116.0,0.1226508840918541
117.0,0.216374471783638
118.0,0.2289484739303589
119.0,0.16792692244052887
120.0,0.1226508840918541
121.0,0.1226508840918541
122.0,0.1578177511692047
123.0,0.15718026459217072
124.0,0.1226508840918541
125.0,0.7330079674720764
126.0,0.15897852182388306
127.0,0.1226508840918541
128.0,0.1226508840918541
129.0,0.1226508840918541
130.0,0.14992265403270721
131.0,0.1226508840918541
132.0,0.5161473155021667
133.0,0.14046011865139008
134.0,0.15254345536231995
135.0,0.23781056702136993
136.0,0.1226508840918541
137.0,0.1226508840918541
138.0,0.21313391625881195
139.0,0.1226508840918541
140.0,0.298707515001297
141.0,0.1226508840918541
142.0,0.1226508840918541
143.0,0.15093953907489777
144.0,0.3865835964679718
145.0,0.1226508840918541
146.0,0.1226508840918541
147.0,0.1226508840918541
148.0,0.22921843826770782
149.0,0.17920786142349243
150.0,0.14416976273059845
151.0,0.1226508840918541
152.0,0.1226508840918541
153.0,0.1226508840918541
154.0,0.8106202483177185
155.0,0.17457400262355804
156.0,0.1226508840918541
157.0,0.617229700088501
158.0,0.1226508840918541
159.0,0.22670793533325195
160.0,0.1226508840918541
161.0,0.1226508840918541
162.0,0.24339580535888672
163.0,0.1226508840918541
164.0,0.1226508840918541
165.0,0.1226508840918541
166.0,0.16237987577915192
167.0,0.1226508840918541
168.0,0.1226508840918541
169.0,0.20892579853534698
170.0,0.19580389559268951
171.0,0.1226508840918541
172.0,0.1226508840918541
173.0,0.1226508840918541
174.0,0.23386144638061523
175.0,0.1226508840918541
176.0,0.12299088388681412
177.0,0.12353041023015976
178.0,0.1226508840918541
179.0,0.7052346467971802
180.0,0.1226508840918541
181.0,0.1226508840918541
182.0,0.1226508840918541
183.0,0.13708700239658356
184.0,0.1226508840918541
185.0,0.1226508840918541
186.0,0.1226508840918541
187.0,0.1226508840918541
188.0,0.3114737570285797
189.0,0.1226508840918541
190.0,0.2179056853055954
191.0,0.1226508840918541
192.0,0.22484037280082703
193.0,0.12675993144512177
194.0,0.14200782775878906
195.0,0.1226508840918541
196.0,0.1226508840918541
197.0,0.1226508840918541
198.0,0.17020466923713684
199.0,0.1226508840918541
200.0,0.1226508840918541
201.0,0.17141026258468628
202.0,0.22778446972370148
203.0,0.1226508840918541
204.0,0.1226508840918541
205.0,0.7462538480758667
206.0,0.1226508840918541
207.0,0.3183635473251343
208.0,0.24645400047302246
209.0,0.1226508840918541
210.0,0.1481519192457199
211.0,0.1226508840918541
212.0,0.1226508840918541
213.0,0.1939196139574051
214.0,0.1226508840918541
215.0,0.1226508840918541
216.0,0.1226508840918541
217.0,0.23841069638729095
218.0,0.1226508840918541
219.0,0.1824546456336975
220.0,0.1226508840918541
221.0,0.14726361632347107
222.0,0.1226508840918541
223.0,0.12665918469429016
224.0,0.1226508840918541
225.0,0.171822190284729
226.0,0.2207442969083786
227.0,0.1226508840918541
228.0,0.1226508840918541
229.0,0.14076851308345795
230.0,0.1226508840918541
231.0,0.1226508840918541
232.0,0.14883631467819214
233.0,0.12446316331624985
234.0,0.20842266082763672
235.0,0.1226508840918541
236.0,0.24125725030899048
237.0,0.1226508840918541
238.0,0.17850230634212494
239.0,0.1448296159505844
240.0,0.1226508840918541
241.0,0.1226508840918541
242.0,0.6585066318511963
243.0,0.1226508840918541
244.0,0.1226508840918541
245.0,0.12879164516925812
246.0,0.17753566801548004
247.0,0.1226508840918541
248.0,0.21821284294128418
249.0,0.20460103452205658
250.0,0.1226508840918541
251.0,0.20216864347457886
252.0,0.925658106803894
253.0,0.16006548702716827
254.0,0.18276837468147278
255.0,0.18757034838199615
256.0,0.1269581913948059
257.0,0.2202206254005432
258.0,0.23558735847473145
259.0,0.1419529765844345
260.0,0.1226508840918541
261.0,0.1226508840918541
262.0,0.1226508840918541
263.0,0.28886401653289795
264.0,0.1787666231393814
265.0,0.18398243188858032
266.0,0.13955631852149963
267.0,0.6712836027145386
268.0,0.1226508840918541
269.0,0.1274898499250412
270.0,0.1226508840918541
271.0,0.23400260508060455
272.0,0.552750289440155
273.0,0.1226508840918541
274.0,0.1226508840918541
275.0,0.23390427231788635
276.0,0.6948785781860352
277.0,0.1226508840918541
278.0,0.1226508840918541
279.0,0.1226508840918541
280.0,0.12571918964385986
281.0,0.20362550020217896
282.0,0.3829205334186554
283.0,0.1226508840918541
284.0,0.15954139828681946
285.0,0.790285587310791
286.0,0.14539840817451477
287.0,0.7576216459274292
288.0,0.1781063973903656
289.0,0.22463111579418182
290.0,0.16654695570468903
291.0,0.1226508840918541
292.0,0.44606831669807434
293.0,0.3372493386268616
294.0,0.1226508840918541
295.0,0.1226508840918541
296.0,0.16328033804893494
297.0,0.12418632209300995
298.0,0.1226508840918541
299.0,0.1226508840918541
300.0,0.2516438364982605
301.0,0.15086258947849274
302.0,0.1226508840918541
303.0,0.1226508840918541
304.0,0.8207366466522217
305.0,0.23832792043685913
306.0,0.1366613507270813
307.0,0.1226508840918541
308.0,0.1226508840918541
309.0,0.1226508840918541
310.0,0.12664180994033813
311.0,0.1226508840918541
312.0,0.1226508840918541
313.0,0.1226508840918541
314.0,0.1226508840918541
315.0,0.1226508840918541
316.0,0.1226508840918541
317.0,0.1226508840918541
318.0,0.13680312037467957
319.0,0.2336777299642563
320.0,0.9090635180473328
321.0,0.1358662247657776
322.0,0.20992888510227203
323.0,0.1226508840918541
324.0,0.16455598175525665
325.0,0.19660893082618713
326.0,0.1226508840918541
327.0,0.7802184820175171
328.0,0.1226508840918541
329.0,0.33677569031715393
330.0,0.1226508840918541
331.0,0.1659642904996872
332.0,0.2261313945055008
333.0,0.09913405776023865
334.0,0.1226508840918541
335.0,0.1226508840918541
336.0,0.09680065512657166
337.0,0.1473013460636139
338.0,0.2287365198135376
339.0,0.1226508840918541
340.0,0.18035905063152313
341.0,0.13509252667427063
342.0,0.12525574862957
343.0,0.1226508840918541
344.0,0.1226508840918541
345.0,0.1226508840918541
346.0,0.18416279554367065
347.0,0.10663025081157684
348.0,0.22825056314468384
349.0,0.1226508840918541
350.0,0.20207183063030243
351.0,0.27555790543556213
352.0,0.733515739440918
353.0,0.16282959282398224
354.0,0.13998951017856598
355.0,0.1226508840918541
356.0,0.5544506907463074
357.0,0.1226508840918541
358.0,0.1226508840918541
359.0,0.1226508840918541
360.0,0.8778862953186035
361.0,0.1226508840918541
362.0,0.5372616648674011
363.0,0.17332281172275543
364.0,0.1226508840918541
365.0,0.17509378492832184
366.0,0.14213593304157257
367.0,0.1226508840918541
368.0,0.1226508840918541
369.0,0.1226508840918541
370.0,0.12837950885295868
371.0,0.1226508840918541
372.0,0.18608812987804413
373.0,0.1282619684934616
374.0,0.16061225533485413
375.0,0.24015969038009644
376.0,0.15966221690177917
377.0,0.1226508840918541
378.0,0.1226508840918541
379.0,0.11859645694494247
380.0,0.22694052755832672
381.0,0.1226508840918541
382.0,0.21556097269058228
383.0,0.5040263533592224
384.0,0.1226508840918541
385.0,0.1226508840918541
386.0,0.16021287441253662
387.0,0.15706098079681396
388.0,0.1226508840918541
389.0,0.6077008843421936
390.0,0.1825442612171173
391.0,0.17797456681728363
392.0,0.1226508840918541
393.0,0.13570763170719147
394.0,0.1226508840918541
395.0,0.13134820759296417
396.0,0.1226508840918541
397.0,0.1653832495212555
398.0,0.133107528090477
399.0,0.1226508840918541
400.0,0.19065527617931366
401.0,0.2118276059627533
402.0,0.14153292775154114
403.0,0.13123688101768494
404.0,0.631353497505188
405.0,0.1226508840918541
406.0,0.22174790501594543
407.0,0.3661782145500183
408.0,0.1255553662776947
409.0,0.21102236211299896
410.0,0.1226508840918541
411.0,0.13046003878116608
412.0,0.1226508840918541
413.0,0.7081939578056335
414.0,0.29490262269973755
415.0,0.1226508840918541
416.0,0.2249450385570526
417.0,0.21503302454948425
418.0,0.1226508840918541
419.0,0.19307617843151093
420.0,0.1226508840918541
421.0,0.1226508840918541
422.0,0.1226508840918541
423.0,0.1226508840918541
424.0,0.20382645726203918
425.0,0.12309590727090836
426.0,0.17709769308567047
427.0,0.1226508840918541
428.0,0.18182845413684845
429.0,0.1226508840918541
430.0,0.1226508840918541
431.0,0.1548084169626236
432.0,0.1226508840918541
433.0,0.1226508840918541
434.0,0.1226508840918541
435.0,0.1226508840918541
436.0,0.21913626790046692
437.0,0.1710491180419922
438.0,0.1226508840918541
439.0,0.6501179933547974
440.0,0.12355250120162964
441.0,0.12534348666667938
442.0,0.1620534211397171
443.0,0.1226508840918541
444.0,0.1226508840918541
445.0,0.12451621890068054
446.0,0.17297890782356262
447.0,0.1226508840918541
448.0,0.1226508840918541
449.0,0.1226508840918541
450.0,0.6136932969093323
451.0,0.1386215090751648
452.0,0.12879164516925812
453.0,0.12407705932855606
454.0,0.7435406446456909
455.0,0.18839535117149353
456.0,0.3508487939834595
457.0,0.13223284482955933
458.0,0.1226508840918541
459.0,0.13100598752498627
460.0,0.1226508840918541
461.0,0.8329963684082031
462.0,0.13498729467391968
463.0,0.1226508840918541
464.0,0.1226508840918541
465.0,0.45714062452316284
466.0,0.1226508840918541
467.0,0.1226508840918541
468.0,0.7158709168434143
469.0,0.8804708123207092
470.0,0.22641952335834503
471.0,0.666541576385498
472.0,0.21495233476161957
473.0,0.1226508840918541
474.0,0.4194011390209198
475.0,0.1226508840918541
476.0,0.1226508840918541
477.0,0.20187824964523315
478.0,0.1226508840918541
479.0,0.140641450881958
480.0,0.1226508840918541
481.0,0.6473415493965149
482.0,0.12541410326957703
483.0,0.1226508840918541
484.0,0.125305637717247
485.0,0.1226508840918541
486.0,0.1444581151008606
487.0,0.6317781209945679
488.0,0.8654623627662659
489.0,0.1226508840918541
490.0,0.19424836337566376
491.0,0.8971353769302368
492.0,0.7405593395233154
493.0,0.14677415788173676
494.0,0.17028950154781342
495.0,0.1226508840918541
496.0,0.721383273601532
497.0,0.12668699026107788
498.0,0.1786784678697586
499.0,0.1381739377975464
500.0,0.1226508840918541
501.0,0.3146817982196808
502.0,0.14226415753364563
503.0,0.1226508840918541
504.0,0.1226508840918541
505.0,0.1226508840918541
506.0,0.1226508840918541
507.0,0.17688661813735962
508.0,0.1226508840918541
509.0,0.1499800682067871
510.0,0.20226649940013885
511.0,0.1226508840918541
512.0,0.1226508840918541
513.0,0.6658545136451721
514.0,0.1226508840918541
515.0,0.5363541841506958
516.0,0.20236244797706604
517.0,0.1226508840918541
518.0,0.15745893120765686
519.0,0.1643909513950348
520.0,0.23375383019447327
521.0,0.1226508840918541
522.0,0.16990800201892853
523.0,0.7993795275688171
524.0,0.1226508840918541
525.0,0.1226508840918541
526.0,0.1226508840918541
527.0,0.3556146025657654
528.0,0.1226508840918541
529.0,0.1741417497396469
530.0,0.1226508840918541
531.0,0.12396534532308578
532.0,0.22296203672885895
533.0,0.1226508840918541
534.0,0.23009195923805237
535.0,0.1226508840918541
536.0,0.1226508840918541
537.0,0.14781120419502258
538.0,0.1226508840918541
539.0,0.1226508840918541
540.0,0.19594576954841614
541.0,0.19195593893527985
542.0,0.36299505829811096
543.0,0.5213500261306763
544.0,0.1305026113986969
545.0,0.1427655816078186
546.0,0.23375383019447327
547.0,0.1226508840918541
548.0,0.1226508840918541
549.0,0.7169662117958069
550.0,0.1226508840918541
551.0,0.16563205420970917
552.0,0.3583662211894989
553.0,0.1226508840918541
554.0,0.36934801936149597
555.0,0.15273763239383698
556.0,0.19153714179992676
557.0,0.1226508840918541
558.0,0.15049754083156586
559.0,0.16880981624126434
560.0,0.7975060343742371
561.0,0.13094617426395416
562.0,0.1226508840918541
563.0,0.1226508840918541
564.0,0.1226508840918541
565.0,0.6792527437210083
566.0,0.1226508840918541
567.0,0.1226508840918541
568.0,0.1226508840918541
569.0,0.1226508840918541
570.0,0.17718520760536194
571.0,0.1226508840918541
572.0,0.3447360396385193
573.0,0.1226508840918541
574.0,0.3632347881793976
575.0,0.15622802078723907
576.0,0.12611834704875946
577.0,0.1226508840918541
578.0,0.1279936134815216
579.0,0.2232743203639984
580.0,0.1226508840918541
581.0,0.1226508840918541
582.0,0.40307414531707764
583.0,0.24425773322582245
584.0,0.156263068318367
585.0,0.22622740268707275
586.0,0.16410787403583527
587.0,0.1226508840918541
588.0,0.2364536076784134
589.0,0.20843879878520966
590.0,0.12996694445610046
591.0,0.13970057666301727
592.0,0.1226508840918541
593.0,0.1226508840918541
594.0,0.1226508840918541
595.0,0.1226508840918541
596.0,0.3634832203388214
597.0,0.1226508840918541
598.0,0.1226508840918541
599.0,0.23885565996170044
600.0,0.36064955592155457
601.0,0.13683857023715973
602.0,0.1728930026292801
603.0,0.218011274933815
604.0,0.1918162703514099
605.0,0.1226508840918541
606.0,0.1226508840918541
607.0,0.1226508840918541
608.0,0.869932234287262
609.0,0.1226508840918541
610.0,0.1226508840918541
611.0,0.15138259530067444
612.0,0.13797742128372192
613.0,0.20372287929058075
614.0,0.15097804367542267
615.0,0.1226508840918541
616.0,0.12352528423070908
617.0,0.15149834752082825
618.0,0.1802259385585785
619.0,0.22916057705879211
620.0,0.21162717044353485
621.0,0.1226508840918541
622.0,0.18565616011619568
623.0,0.1226508840918541
624.0,0.45195722579956055
625.0,0.18870984017848969
626.0,0.12974640727043152
627.0,0.1469622403383255
628.0,0.1226508840918541
629.0,0.1226508840918541
630.0,0.1226508840918541
631.0,0.1226508840918541
632.0,0.14492258429527283
633.0,0.1226508840918541
634.0,0.1226508840918541
635.0,0.19046999514102936
636.0,0.12319763749837875
637.0,0.1226508840918541
638.0,0.3142198622226715
639.0,0.22515448927879333
640.0,0.20147261023521423
641.0,0.324733167886734
642.0,0.1226508840918541
643.0,0.13388672471046448
644.0,0.1420993208885193
645.0,0.1226508840918541
646.0,0.1226508840918541
647.0,0.12980715930461884
648.0,0.1226508840918541
649.0,0.1226508840918541
650.0,0.1226508840918541
651.0,0.24216273427009583
652.0,0.1226508840918541
653.0,0.1226508840918541
654.0,0.9090635180473328
655.0,0.1226508840918541
656.0,0.1226508840918541
657.0,0.1226508840918541
658.0,0.2209915667772293
659.0,0.1226508840918541
660.0,0.1226508840918541
661.0,0.1226508840918541
662.0,0.1226508840918541
663.0,0.1226508840918541
664.0,0.16128024458885193
665.0,0.1561093032360077
666.0,0.1226508840918541
667.0,0.1226508840918541
668.0,0.22244228422641754
669.0,0.16344448924064636
670.0,0.1226508840918541
671.0,0.1226508840918541
672.0,0.21082672476768494
673.0,0.7878488302230835
674.0,0.3319772183895111
675.0,0.15363344550132751
676.0,0.1226508840918541
677.0,0.19736887514591217
678.0,0.2341843694448471
679.0,0.8832672238349915
680.0,0.1226508840918541
681.0,0.22641420364379883
682.0,0.1226508840918541
683.0,0.1420993208885193
684.0,0.1226508840918541
685.0,0.22831308841705322
686.0,0.14303529262542725
687.0,0.1507280319929123
688.0,0.20814168453216553
689.0,0.19251544773578644
690.0,0.1226508840918541
691.0,0.6103081107139587
692.0,0.1226508840918541
693.0,0.1226508840918541
694.0,0.22916057705879211
695.0,0.41932564973831177
696.0,0.07476940006017685
697.0,0.359741747379303
698.0,0.1844787746667862
699.0,0.22319984436035156
700.0,0.18789085745811462
701.0,0.1226508840918541
702.0,0.13792385160923004
703.0,0.1226508840918541
704.0,0.1226508840918541
705.0,0.20362550020217896
706.0,0.12402672320604324
707.0,0.13195745646953583
708.0,0.1226508840918541
709.0,0.179827019572258
710.0,0.1226508840918541
711.0,0.1226508840918541
712.0,0.1226508840918541
713.0,0.1226508840918541
714.0,0.7535565495491028
715.0,0.1226508840918541
716.0,0.1226508840918541
717.0,0.16747896373271942
718.0,0.14698106050491333
719.0,0.1226508840918541
720.0,0.1226508840918541
721.0,0.20098286867141724
722.0,0.1226508840918541
723.0,0.21092665195465088
724.0,0.14839839935302734
725.0,0.1226508840918541
726.0,0.1226508840918541
727.0,0.1226508840918541
728.0,0.4599906802177429
729.0,0.21082672476768494
730.0,0.23942141234874725
731.0,0.1226508840918541
732.0,0.8707284331321716
733.0,0.12463438510894775
734.0,0.2332167774438858
735.0,0.21094726026058197
736.0,0.2321443408727646
737.0,0.16364987194538116
738.0,0.21684680879116058
739.0,0.31599217653274536
740.0,0.21761564910411835
741.0,0.1226508840918541
742.0,0.1226508840918541
743.0,0.12433493882417679
744.0,0.1267460286617279
745.0,0.1226508840918541
746.0,0.1226508840918541
747.0,0.1226508840918541
748.0,0.1226508840918541
749.0,0.6973497271537781
750.0,0.20179961621761322
751.0,0.1226508840918541
752.0,0.1226508840918541
753.0,0.1226508840918541
754.0,0.22630901634693146
755.0,0.1226508840918541
756.0,0.23459315299987793
757.0,0.1226508840918541
758.0,0.7011711597442627
759.0,0.2588505744934082
760.0,0.1464548110961914
761.0,0.9278032779693604
762.0,0.663413941860199
763.0,0.1520201712846756
764.0,0.13598352670669556
765.0,0.2285405844449997
766.0,0.8687527775764465
767.0,0.19190937280654907
768.0,0.1226508840918541
769.0,0.1226508840918541
770.0,0.2332167774438858
771.0,0.1226508840918541
772.0,0.1226508840918541
773.0,0.1226508840918541
774.0,0.1226508840918541
775.0,0.49627065658569336
776.0,0.1226508840918541
777.0,0.16524749994277954
778.0,0.5271623730659485
779.0,0.1226508840918541
780.0,0.23862884938716888
781.0,0.1226508840918541
782.0,0.1226508840918541
783.0,0.1226508840918541
784.0,0.1226508840918541
785.0,0.1226508840918541
786.0,0.33950626850128174
787.0,0.15539860725402832
788.0,0.13269004225730896
789.0,0.1226508840918541
790.0,0.1226508840918541
791.0,0.1226508840918541
792.0,0.1226508840918541
793.0,0.20943133533000946
794.0,0.174094557762146
795.0,0.18434873223304749
796.0,0.21985642611980438
797.0,0.1226508840918541
798.0,0.1226508840918541
799.0,0.1226508840918541
800.0,0.1542288064956665
801.0,0.2879277169704437
802.0,0.1226508840918541
803.0,0.5178924798965454
804.0,0.18291251361370087
805.0,0.1226508840918541
806.0,0.1347770392894745
807.0,0.1226508840918541
808.0,0.162687748670578
809.0,0.16621379554271698
810.0,0.14611731469631195
811.0,0.21872550249099731
812.0,0.1226508840918541
813.0,0.1226508840918541
814.0,0.1226508840918541
815.0,0.1226508840918541
816.0,0.14364363253116608
817.0,0.5799795389175415
818.0,0.15535922348499298
819.0,0.21727000176906586
820.0,0.4990079402923584
821.0,0.1226508840918541
822.0,0.1226508840918541
823.0,0.92275470495224
824.0,0.21404173970222473
825.0,0.31618940830230713
826.0,0.8574077486991882
827.0,0.1226508840918541
828.0,0.45013007521629333
829.0,0.1229337528347969
830.0,0.19307617843151093
831.0,0.19019238650798798
832.0,0.296324759721756
833.0,0.19028489291667938
834.0,0.1226508840918541
835.0,0.1226508840918541
836.0,0.1226508840918541
837.0,0.1466989517211914
838.0,0.1226508840918541
839.0,0.14510872960090637
840.0,0.1226508840918541
841.0,0.1594608873128891
842.0,0.1226508840918541
843.0,0.1226508840918541
844.0,0.19153714179992676
845.0,0.14314574003219604
846.0,0.3259347975254059
847.0,0.200430765748024
848.0,0.19406114518642426
849.0,0.2177010327577591
850.0,0.1226508840918541
851.0,0.22306610643863678
852.0,0.1226508840918541
853.0,0.1226508840918541
854.0,0.4316883683204651
855.0,0.12896019220352173
856.0,0.31278467178344727
857.0,0.3545985221862793
858.0,0.21363788843154907
859.0,0.1226508840918541
860.0,0.1226508840918541
861.0,0.1226508840918541
862.0,0.1226508840918541
863.0,0.23096784949302673
864.0,0.1226508840918541
865.0,0.1226508840918541
866.0,0.2392548769712448
867.0,0.46121925115585327
868.0,0.1226508840918541
869.0,0.1425391286611557
870.0,0.1226508840918541
871.0,0.23213931918144226
872.0,0.13074983656406403
873.0,0.40775689482688904
874.0,0.18647468090057373
875.0,0.13835281133651733
876.0,0.4447159767150879
877.0,0.1226508840918541
878.0,0.2002861648797989
879.0,0.12542268633842468
880.0,0.1226508840918541
881.0,0.5866327881813049
882.0,0.1763114333152771
883.0,0.18794108927249908
884.0,0.1662554293870926
885.0,0.1226508840918541
886.0,0.19803562760353088
887.0,0.4370686411857605
888.0,0.1226508840918541
889.0,0.17570175230503082
890.0,0.12628455460071564
891.0,0.1226508840918541
892.0,0.2379591464996338
893.0,0.1226508840918541
894.0,0.1226508840918541
895.0,0.19172316789627075
896.0,0.7499229311943054
897.0,0.44629377126693726
898.0,0.14211763441562653
899.0,0.1226508840918541
900.0,0.1226508840918541
901.0,0.13259577751159668
902.0,0.1226508840918541
903.0,0.1226508840918541
904.0,0.1226508840918541
905.0,0.1226508840918541
906.0,0.14401336014270782
907.0,0.1226508840918541
908.0,0.1226508840918541
909.0,0.1226508840918541
910.0,0.4163135290145874
911.0,0.16152407228946686
912.0,0.1226508840918541
913.0,0.1226508840918541
914.0,0.20754845440387726
915.0,0.1226508840918541
916.0,0.18949967622756958
917.0,0.21263077855110168
918.0,0.21404173970222473
919.0,0.16554906964302063
920.0,0.1226508840918541
921.0,0.1226508840918541
922.0,0.1226508840918541
923.0,0.785950779914856
924.0,0.1226508840918541
925.0,0.56434565782547
926.0,0.1226508840918541
927.0,0.1226508840918541
928.0,0.14992265403270721
929.0,0.15881803631782532
930.0,0.15413957834243774
931.0,0.16721491515636444
932.0,0.1634034365415573
933.0,0.2169860154390335
934.0,0.12556050717830658
935.0,0.14312730729579926
936.0,0.1226508840918541
937.0,0.1226508840918541
938.0,0.1226508840918541
939.0,0.4742978513240814
940.0,0.15157556533813477
941.0,0.1226508840918541
942.0,0.12887591123580933
943.0,0.8982653617858887
944.0,0.1226508840918541
945.0,0.6085706353187561
946.0,0.1226508840918541
947.0,0.1226508840918541
948.0,0.21464848518371582
949.0,0.1323103904724121
950.0,0.1226508840918541
951.0,0.14933045208454132
952.0,0.1226508840918541
953.0,0.18191783130168915
954.0,0.1226508840918541
955.0,0.12396790832281113
956.0,0.21242976188659668
957.0,0.1226508840918541
958.0,0.1226508840918541
959.0,0.6576854586601257
960.0,0.15234947204589844
961.0,0.1643909513950348
962.0,0.9127840995788574
963.0,0.1226508840918541
964.0,0.22109493613243103
965.0,0.16851510107517242
966.0,0.23764827847480774
967.0,0.1226508840918541
968.0,0.1226508840918541
969.0,0.1226508840918541
970.0,0.16181525588035583
971.0,0.1226508840918541
972.0,0.14419856667518616
973.0,0.12596887350082397
974.0,0.1226508840918541
975.0,0.15476910769939423
976.0,0.1226508840918541
977.0,0.1226508840918541
978.0,0.13358235359191895
979.0,0.1950187236070633
980.0,0.1226508840918541
981.0,0.1490827351808548
982.0,0.20833973586559296
983.0,0.13082662224769592
984.0,0.13077542185783386
985.0,0.1226508840918541
986.0,0.1226508840918541
987.0,0.1226508840918541
988.0,0.19144415855407715
989.0,0.23171642422676086
990.0,0.1226508840918541
991.0,0.1226508840918541
992.0,0.1226508840918541
993.0,0.128387913107872
994.0,0.22790183126926422
995.0,0.12617933750152588
996.0,0.13892653584480286
997.0,0.1226508840918541
998.0,0.1505359560251236
999.0,0.15520165860652924
1000.0,0.21554777026176453
1001.0,0.5208945870399475
1002.0,0.9259532690048218
1003.0,0.1226508840918541
1004.0,0.22016558051109314
1005.0,0.1226508840918541
1006.0,0.1226508840918541
1007.0,0.15913918614387512
1008.0,0.2344946265220642
1009.0,0.1226508840918541
1010.0,0.1999940723180771
1011.0,0.1226508840918541
1012.0,0.1226508840918541
1013.0,0.1226508840918541
1014.0,0.45985910296440125
1015.0,0.1226508840918541
1016.0,0.1226508840918541
1017.0,0.1226508840918541
1018.0,0.1226508840918541
1019.0,0.1226508840918541
1020.0,0.1226508840918541
1021.0,0.16575656831264496
1022.0,0.22546899318695068
1023.0,0.1862470507621765
1024.0,0.7020376920700073
1025.0,0.2245265394449234
1026.0,0.1226508840918541
1027.0,0.1970970332622528
1028.0,0.6053168177604675
1029.0,0.1786784678697586
1030.0,0.15789759159088135
1031.0,0.1226508840918541
1032.0,0.19947011768817902
1033.0,0.1226508840918541
1034.0,0.1226508840918541
1035.0,0.1226508840918541
1036.0,0.1226508840918541
1037.0,0.22431747615337372
1038.0,0.1226508840918541
1039.0,0.17947299778461456
1040.0,0.30450639128685
1041.0,0.11217062920331955
1042.0,0.1226508840918541
1043.0,0.12310227006673813
1044.0,0.1226508840918541
1045.0,0.1226508840918541
1046.0,0.28905150294303894
1047.0,0.1226508840918541
1048.0,0.17237839102745056
1049.0,0.23895633220672607
1050.0,0.18502147495746613
1051.0,0.22990399599075317
1052.0,0.2175988107919693
1053.0,0.6564518213272095
1054.0,0.12455901503562927
1055.0,0.13719359040260315
1056.0,0.1226508840918541
1057.0,0.25739553570747375
1058.0,0.1226508840918541
1059.0,0.14388388395309448
1060.0,0.129052996635437
1061.0,0.1226508840918541
1062.0,0.1838364601135254
1063.0,0.2505992650985718
1064.0,0.1226508840918541
1065.0,0.1226508840918541
1066.0,0.1226508840918541
1067.0,0.1226508840918541
1068.0,0.1226508840918541
1069.0,0.1226508840918541
1070.0,0.1226508840918541
1071.0,0.14298008382320404
1072.0,0.1226508840918541
1073.0,0.16472117602825165
1074.0,0.1226508840918541
1075.0,0.5481308102607727
1076.0,0.1226508840918541
1077.0,0.25711461901664734
1078.0,0.1226508840918541
1079.0,0.8721070289611816
1080.0,0.3434045910835266
1081.0,0.5490346550941467
1082.0,0.14497843384742737
1083.0,0.1226508840918541
1084.0,0.1226508840918541
1085.0,0.13198325037956238
1086.0,0.1226508840918541
1087.0,0.1226508840918541
1088.0,0.5936949253082275
1089.0,0.13404788076877594
1090.0,0.6921195983886719
1091.0,0.1226508840918541
1092.0,0.14707519114017487
1093.0,0.6560401320457458
1094.0,0.1226508840918541
1095.0,0.1599847674369812
1096.0,0.1226508840918541
1097.0,0.1226508840918541
1098.0,0.19975794851779938
1099.0,0.17565828561782837
1100.0,0.1226508840918541
1101.0,0.1690424382686615
1102.0,0.1226508840918541
1103.0,0.1226508840918541
1104.0,0.23837193846702576
1105.0,0.10263446718454361
1106.0,0.5154271721839905
1107.0,0.1226508840918541
1108.0,0.1323276311159134
1109.0,0.1226508840918541
1110.0,0.1226508840918541
1111.0,0.3715221583843231
1112.0,0.39236482977867126
1113.0,0.1226508840918541
1114.0,0.22574758529663086
1115.0,0.13669677078723907
1116.0,0.1226508840918541
1117.0,0.1226508840918541
1118.0,0.1226508840918541
1119.0,0.1226508840918541
1120.0,0.20992888510227203
1121.0,0.1226508840918541
1122.0,0.13009428977966309
1123.0,0.38326671719551086
1124.0,0.1226508840918541
1125.0,0.15206915140151978
1126.0,0.21259334683418274
1127.0,0.13452014327049255
1128.0,0.20216864347457886
1129.0,0.1226508840918541
1130.0,0.1748337298631668
1131.0,0.1333392858505249
1132.0,0.13583095371723175
1133.0,0.14488540589809418
1134.0,0.1226508840918541
1135.0,0.9226014614105225
1136.0,0.1226508840918541
1137.0,0.1226508840918541
1138.0,0.1226508840918541
1139.0,0.3384839594364166
1140.0,0.19326336681842804
1141.0,0.140478253364563
1142.0,0.12594197690486908
1143.0,0.1226508840918541
1144.0,0.1226508840918541
1145.0,0.12269258499145508
1146.0,0.17845825850963593
1147.0,0.1286485344171524
1148.0,0.1226508840918541
1149.0,0.12315396964550018
1150.0,0.1226508840918541
1151.0,0.1226508840918541
1152.0,0.24333250522613525
1153.0,0.12428110837936401
1154.0,0.1747903972864151
1155.0,0.2133040428161621
1156.0,0.12274480611085892
1157.0,0.1908406764268875
1158.0,0.16826282441616058
1159.0,0.15010888874530792
1160.0,0.1226508840918541
1161.0,0.274284690618515
1162.0,0.14591141045093536
1163.0,0.19594576954841614
1164.0,0.43158361315727234
1165.0,0.1226508840918541
1166.0,0.1226508840918541
1167.0,0.5625501275062561
1168.0,0.16021287441253662
1169.0,0.12702490389347076
1170.0,0.1226508840918541
1171.0,0.1226508840918541
1172.0,0.23855654895305634
1173.0,0.1795172095298767
1174.0,0.1226508840918541
1175.0,0.1226508840918541
1176.0,0.1226508840918541
1177.0,0.1226508840918541
1178.0,0.2157641500234604
1179.0,0.1226508840918541
1180.0,0.40865591168403625
1181.0,0.1226508840918541
1182.0,0.12943221628665924
1183.0,0.1226508840918541
1184.0,0.736045241355896
1185.0,0.1226508840918541
1186.0,0.23400260508060455
1187.0,0.1328733116388321
1188.0,0.1226508840918541
1189.0,0.1237873062491417
1190.0,0.1226508840918541
1191.0,0.14446555078029633
1192.0,0.1890389323234558
1193.0,0.19646668434143066
1194.0,0.1468493491411209
1195.0,0.1226508840918541
1196.0,0.1226508840918541
1197.0,0.17195044457912445
1198.0,0.13367795944213867
1199.0,0.1226508840918541
1200.0,0.1427655816078186
1201.0,0.12441528588533401
1202.0,0.1707991659641266
1203.0,0.1226508840918541
1204.0,0.1226508840918541
1205.0,0.1243930533528328
1206.0,0.7894237637519836
1207.0,0.1226508840918541
1208.0,0.1226508840918541
1209.0,0.2532774806022644
1210.0,0.1226508840918541
1211.0,0.12944158911705017
1212.0,0.14133238792419434
1213.0,0.1226508840918541
1214.0,0.5864980220794678
1215.0,0.1226508840918541
1216.0,0.1226508840918541
1217.0,0.20671933889389038
1218.0,0.1226508840918541
1219.0,0.17823828756809235
1220.0,0.1226508840918541
1221.0,0.35501629114151
1222.0,0.1226508840918541
1223.0,0.2110266089439392
1224.0,0.13715805113315582
1225.0,0.24308058619499207
1226.0,0.130724236369133
1227.0,0.1226508840918541
1228.0,0.22078487277030945
1229.0,0.1419895589351654
1230.0,0.6846018433570862
1231.0,0.12544161081314087
1232.0,0.20466212928295135
1233.0,0.1226508840918541
1234.0,0.1226508840918541
1235.0,0.22517189383506775
1236.0,0.8856870532035828
1237.0,0.5290859341621399
1238.0,0.1226508840918541
1239.0,0.12533488869667053
1240.0,0.8438937067985535
1241.0,0.2344946265220642
1242.0,0.24065567553043365
1243.0,0.1226508840918541
1244.0,0.1226508840918541
1245.0,0.20774605870246887
1246.0,0.5773098468780518
1247.0,0.22068153321743011
1248.0,0.1226508840918541
1249.0,0.1226508840918541
1250.0,0.1226508840918541
1251.0,0.5485827326774597
1252.0,0.15512056648731232
1253.0,0.25476446747779846
1254.0,0.1226508840918541
1255.0,0.1226508840918541
1256.0,0.1226508840918541
1257.0,0.1226508840918541
1258.0,0.13984496891498566
1259.0,0.15531982481479645
1260.0,0.13463707268238068
1261.0,0.16271938383579254
1262.0,0.18583782017230988
1263.0,0.25745898485183716
1264.0,0.1226508840918541
1265.0,0.2086370289325714
1266.0,0.4955141842365265
1267.0,0.1226508840918541
1268.0,0.15250462293624878
1269.0,0.1226508840918541
1270.0,0.14164240658283234
1271.0,0.1226508840918541
1272.0,0.4589526951313019
1273.0,0.18743310868740082
1274.0,0.616366982460022
1275.0,0.7727854251861572
1276.0,0.9108958840370178
1277.0,0.1226508840918541
1278.0,0.1115652397274971
1279.0,0.44404008984565735
1280.0,0.1690424382686615
1281.0,0.20873618125915527
1282.0,0.4130835235118866
1283.0,0.19927836954593658
1284.0,0.13674992322921753
1285.0,0.1226508840918541
1286.0,0.6523245573043823
1287.0,0.1226508840918541
1288.0,0.1226508840918541
1289.0,0.1226508840918541
1290.0,0.2112855613231659
1291.0,0.20626740157604218
1292.0,0.6803643703460693
1293.0,0.2066609412431717
1294.0,0.17088425159454346
1295.0,0.19575662910938263
1296.0,0.1226508840918541
1297.0,0.4539722800254822
1298.0,0.38584378361701965
1299.0,0.14457832276821136
1300.0,0.2316095232963562
1301.0,0.156986266374588
1302.0,0.1226508840918541
1303.0,0.1226508840918541
1304.0,0.1226508840918541
1305.0,0.1226508840918541
1306.0,0.21283195912837982
1307.0,0.301198273897171
1308.0,0.2012983113527298
1309.0,0.6752808094024658
1310.0,0.14340372383594513
1311.0,0.2102278620004654
1312.0,0.0801376923918724
1313.0,0.9246606230735779
1314.0,0.1226508840918541
1315.0,0.6968015432357788
1316.0,0.38499364256858826
1317.0,0.1408664435148239
1318.0,0.140297070145607
1319.0,0.16501054167747498
1320.0,0.12433408945798874
1321.0,0.15520165860652924
1322.0,0.13486464321613312
1323.0,0.14399313926696777
1324.0,0.30287373065948486
1325.0,0.1226508840918541
1326.0,0.1226508840918541
1327.0,0.1698656678199768
1328.0,0.1296870857477188
1329.0,0.8747040629386902
1330.0,0.1226508840918541
1331.0,0.12444610148668289
1332.0,0.1226508840918541
1333.0,0.372968465089798
1334.0,0.1226508840918541
1335.0,0.16075292229652405
1336.0,0.17482589185237885
1337.0,0.15324945747852325
1338.0,0.41587018966674805
1339.0,0.1226508840918541
1340.0,0.24425773322582245
1341.0,0.1226508840918541
1342.0,0.17370650172233582
1343.0,0.2634812593460083
1344.0,0.19429536163806915
1345.0,0.23935472965240479
1346.0,0.1382991373538971
1347.0,0.18169450759887695
1348.0,0.1226508840918541
1349.0,0.1226508840918541
1350.0,0.15853743255138397
1351.0,0.2277292162179947
1352.0,0.1226508840918541
1353.0,0.1226508840918541
1354.0,0.752591073513031
1355.0,0.1226508840918541
1356.0,0.21800805628299713
1357.0,0.1619311422109604
1358.0,0.1226508840918541
1359.0,0.18236511945724487
1360.0,0.15195076167583466
1361.0,0.2316506952047348
1362.0,0.1226508840918541
1363.0,0.12554672360420227
1364.0,0.1226508840918541
1365.0,0.14440245926380157
1366.0,0.1226508840918541
1367.0,0.1226508840918541
1368.0,0.1226508840918541
1369.0,0.13614846765995026
1370.0,0.3810293972492218
1371.0,0.1226508840918541
1372.0,0.2208881676197052
1373.0,0.1226508840918541
1374.0,0.1226508840918541
1375.0,0.7302044034004211
1376.0,0.9072912335395813
1377.0,0.1226508840918541
1378.0,0.17561481893062592
1379.0,0.1226508840918541
1380.0,0.23400260508060455
1381.0,0.4227016866207123
1382.0,0.12883378565311432
1383.0,0.12802305817604065
1384.0,0.8379912972450256
1385.0,0.14275947213172913
1386.0,0.1226508840918541
1387.0,0.1226508840918541
1388.0,0.1537896990776062
1389.0,0.13876496255397797
1390.0,0.46711966395378113
1391.0,0.1259281486272812
1392.0,0.1226508840918541
1393.0,0.1226508840918541
1394.0,0.1226508840918541
1395.0,0.1226508840918541
1396.0,0.6678815484046936
1397.0,0.16796885430812836
1398.0,0.1226508840918541
1399.0,0.09399615973234177
1400.0,0.16546617448329926
1401.0,0.1226508840918541
1402.0,0.20023834705352783
1403.0,0.6585066318511963
1404.0,0.1226508840918541
1405.0,0.13373009860515594
1406.0,0.1226508840918541
1407.0,0.1226508840918541
1408.0,0.1226508840918541
1409.0,0.1226508840918541
1410.0,0.17131009697914124
1411.0,0.16492785513401031
1412.0,0.1226508840918541
1413.0,0.1226508840918541
1414.0,0.1226508840918541
1415.0,0.12725816667079926
1416.0,0.13899840414524078
1417.0,0.19794027507305145
1418.0,0.1226508840918541
1419.0,0.1226508840918541
1420.0,0.15491443872451782
1421.0,0.13728247582912445
1422.0,0.17600113153457642
1423.0,0.1226508840918541
1424.0,0.18766187131404877
1425.0,0.13762067258358002
1426.0,0.8778566718101501
1427.0,0.1226508840918541
1428.0,0.1226508840918541
1429.0,0.1226508840918541
1430.0,0.13672222197055817
1431.0,0.1226508840918541
1432.0,0.1293570101261139
1433.0,0.1226508840918541
1434.0,0.2122289091348648
1435.0,0.1226508840918541
1436.0,0.1226508840918541
1437.0,0.1226508840918541
1438.0,0.1226508840918541
1439.0,0.6410675048828125
1440.0,0.1226508840918541
1441.0,0.15351636707782745
1442.0,0.1226508840918541
1443.0,0.1226508840918541
1444.0,0.1226508840918541
1445.0,0.1269129514694214
1446.0,0.12309081852436066
1447.0,0.24115730822086334
1448.0,0.1226508840918541
1449.0,0.14529506862163544
1450.0,0.1226508840918541
1451.0,0.1226508840918541
1452.0,0.22916057705879211
1453.0,0.1271498203277588
1454.0,0.21343620121479034
1455.0,0.1226508840918541
1456.0,0.17016227543354034
1457.0,0.15672245621681213
1458.0,0.1226508840918541
1459.0,0.27318188548088074
1460.0,0.17543213069438934
1461.0,0.19471874833106995
1462.0,0.12863172590732574
1463.0,0.1226508840918541
1464.0,0.1226508840918541
1465.0,0.1226508840918541
1466.0,0.19918258488178253
1467.0,0.23321646451950073
1468.0,0.11441520601511002
1469.0,0.1506703943014145
1470.0,0.15698149800300598
1471.0,0.21182751655578613
1472.0,0.1226508840918541
1473.0,0.16750779747962952
1474.0,0.1226508840918541
1475.0,0.12307429313659668
1476.0,0.8931462168693542
1477.0,0.17995993793010712
1478.0,0.1226508840918541
1479.0,0.1226508840918541
1480.0,0.55625319480896
1481.0,0.1331312507390976
1482.0,0.1444210261106491
1483.0,0.1226508840918541
1484.0,0.1226508840918541
1485.0,0.226519376039505
1486.0,0.12685729563236237
1487.0,0.1226508840918541
1488.0,0.1226508840918541
1489.0,0.15752950310707092
1490.0,0.1226508840918541
1491.0,0.21434496343135834
1492.0,0.3029295802116394
1493.0,0.2365691363811493
1494.0,0.3116694986820221
1495.0,0.1226508840918541
1496.0,0.1226508840918541
1497.0,0.1226508840918541
1498.0,0.1578177511692047
1499.0,0.16443219780921936
1500.0,0.6691254377365112
1501.0,0.1226508840918541
1502.0,0.16521751880645752
1503.0,0.21657812595367432
1504.0,0.1226508840918541
1505.0,0.15254345536231995
1506.0,0.18303760886192322
1507.0,0.1226508840918541
1508.0,0.146792933344841
1509.0,0.1993742138147354
1510.0,0.17126747965812683
1511.0,0.18031342327594757
1512.0,0.16638033092021942
1513.0,0.1368562877178192
1514.0,0.1226508840918541
1515.0,0.9217723608016968
1516.0,0.6317781209945679
1517.0,0.32137396931648254
1518.0,0.22834718227386475
1519.0,0.144736647605896
1520.0,0.1226508840918541
1521.0,0.1226508840918541
1522.0,0.17165137827396393
1523.0,0.5454174280166626
1524.0,0.16923153400421143
1525.0,0.1226508840918541
1526.0,0.1226508840918541
1527.0,0.21012815833091736
1528.0,0.3189840316772461
1529.0,0.19284236431121826
1530.0,0.19167666137218475
1531.0,0.16197188198566437
1532.0,0.1725069284439087
1533.0,0.1226508840918541
1534.0,0.1226508840918541
1535.0,0.1226508840918541
1536.0,0.1226508840918541
1537.0,0.6185222864151001
1538.0,0.12658625841140747
1539.0,0.1226508840918541
1540.0,0.1381739377975464
1541.0,0.1909039467573166
1542.0,0.23845691978931427
1543.0,0.14651112258434296
1544.0,0.19689364731311798
1545.0,0.1512283980846405
1546.0,0.15441595017910004
1547.0,0.1373891979455948
1548.0,0.1226508840918541
1549.0,0.1226508840918541
1550.0,0.12477319687604904
1551.0,0.1226508840918541
1552.0,0.21202817559242249
1553.0,0.12830394506454468
1554.0,0.19908678531646729
1555.0,0.1226508840918541
1556.0,0.1226508840918541
1557.0,0.1226508840918541
1558.0,0.146379753947258
1559.0,0.1944364309310913
1560.0,0.13117699325084686
1561.0,0.16790424287319183
1562.0,0.12597134709358215
1563.0,0.9250032305717468
1564.0,0.1226508840918541
1565.0,0.1226508840918541
1566.0,0.12496016919612885
1567.0,0.1226508840918541
1568.0,0.1226508840918541
1569.0,0.18949967622756958
1570.0,0.1226508840918541
1571.0,0.1226508840918541
1572.0,0.1226508840918541
1573.0,0.19725780189037323
1574.0,0.26040512323379517
1575.0,0.1953350454568863
1576.0,0.1226508840918541
1577.0,0.1226508840918541
1578.0,0.1226508840918541
1579.0,0.28042328357696533
1580.0,0.8386949300765991
1581.0,0.5884017944335938
1582.0,0.17173677682876587
1583.0,0.1339389532804489
1584.0,0.18670421838760376
1585.0,0.1226508840918541
1586.0,0.7757346034049988
1587.0,0.19500495493412018
1588.0,0.1226508840918541
1589.0,0.1226508840918541
1590.0,0.6913937330245972
1591.0,0.12701041996479034
1592.0,0.20450331270694733
1593.0,0.7979249358177185
1594.0,0.1555168777704239
1595.0,0.1226508840918541
1596.0,0.1226508840918541
1597.0,0.17378833889961243
1598.0,0.15677501261234283
1599.0,0.12596270442008972
1600.0,0.1226508840918541
1601.0,0.1226508840918541
1602.0,0.0754750594496727
1603.0,0.1226508840918541
1604.0,0.2805030047893524
1605.0,0.13762067258358002
1606.0,0.17306484282016754
1607.0,0.1226508840918541
1608.0,0.1226508840918541
1609.0,0.1476788967847824
1610.0,0.20284754037857056
1611.0,0.2053014636039734
1612.0,0.3911743760108948
1613.0,0.1226508840918541
1614.0,0.1226508840918541
1615.0,0.1993742138147354
1616.0,0.1226508840918541
1617.0,0.1226508840918541
1618.0,0.1226508840918541
1619.0,0.1226508840918541
1620.0,0.1226508840918541
1621.0,0.19074374437332153
1622.0,0.1226508840918541
1623.0,0.1226508840918541
1624.0,0.2246117740869522
1625.0,0.1226508840918541
1626.0,0.18515734374523163
1627.0,0.2069186568260193
1628.0,0.1226508840918541
1629.0,0.1226508840918541
1630.0,0.1226508840918541
1631.0,0.17845825850963593
1632.0,0.21589142084121704
1633.0,0.1226508840918541
1634.0,0.1226508840918541
1635.0,0.16115844249725342
1636.0,0.8141515254974365
1637.0,0.1226508840918541
1638.0,0.11838427931070328
1639.0,0.12356525659561157
1640.0,0.15579310059547424
1641.0,0.19889536499977112
1642.0,0.1226508840918541
1643.0,0.2200624942779541
1644.0,0.1226508840918541
1645.0,0.1226508840918541
1646.0,0.1226508840918541
1647.0,0.1559116095304489
1648.0,0.1226508840918541
1649.0,0.24216273427009583
1650.0,0.633050799369812
1651.0,0.1226508840918541
1652.0,0.15072104334831238
1653.0,0.1226508840918541
1654.0,0.4524115025997162
1655.0,0.16590934991836548
1656.0,0.1759193390607834
1657.0,0.1226508840918541
1658.0,0.1226508840918541
1659.0,0.17777559161186218
1660.0,0.1226508840918541
1661.0,0.1226508840918541
1662.0,0.12471146881580353
1663.0,0.1226508840918541
1664.0,0.21264271438121796
1665.0,0.14440245926380157
1666.0,0.235579714179039
1667.0,0.1339215338230133
1668.0,0.16855719685554504
1669.0,0.1226508840918541
1670.0,0.1226508840918541
1671.0,0.1226508840918541
1672.0,0.20130926370620728
1673.0,0.19107261300086975
1674.0,0.1226508840918541
1675.0,0.18634648621082306
1676.0,0.1728930026292801
1677.0,0.1281193196773529
1678.0,0.20168477296829224
1679.0,0.209530770778656
1680.0,0.1226508840918541
1681.0,0.18775343894958496
1682.0,0.1226508840918541
1683.0,0.8785744905471802
1684.0,0.1226508840918541
1685.0,0.1226508840918541
1686.0,0.1226508840918541
1687.0,0.14531372487545013
1688.0,0.1226508840918541
1689.0,0.17474710941314697
1690.0,0.26210859417915344
1691.0,0.21383976936340332
1692.0,0.1226508840918541
1693.0,0.1226508840918541
1694.0,0.1226508840918541
1695.0,0.825648307800293
1696.0,0.18592871725559235
1697.0,0.1226508840918541
1698.0,0.1226508840918541
1699.0,0.1323535144329071
1700.0,0.1526210755109787
1701.0,0.1226508840918541
1702.0,0.2218196839094162
1703.0,0.1226508840918541
1704.0,0.1310316026210785
1705.0,0.1226508840918541
1706.0,0.1481262743473053
1707.0,0.1926088035106659
1708.0,0.8221920132637024
1709.0,0.5512927770614624
1710.0,0.1226508840918541
1711.0,0.1226508840918541
1712.0,0.16184964776039124
1713.0,0.1226508840918541
1714.0,0.1226508840918541
1715.0,0.1226508840918541
1716.0,0.1703319251537323
1717.0,0.19956600666046143
1718.0,0.1226508840918541
1719.0,0.154337540268898
1720.0,0.12873269617557526
1721.0,0.2399406135082245
1722.0,0.1226508840918541
1723.0,0.2246946543455124
1724.0,0.13797742128372192
1725.0,0.21627262234687805
1726.0,0.6098739504814148
1727.0,0.20774605870246887
1728.0,0.1226508840918541
1729.0,0.1301707774400711
1730.0,0.1226508840918541
1731.0,0.1357957124710083
1732.0,0.16254331171512604
1733.0,0.13212093710899353
1734.0,0.17902441322803497
1735.0,0.18333514034748077
1736.0,0.1226508840918541
1737.0,0.4871489107608795
1738.0,0.1226508840918541
1739.0,0.125482976436615
1740.0,0.1226508840918541
1741.0,0.1226508840918541
1742.0,0.7273824214935303
1743.0,0.1226508840918541
1744.0,0.1226508840918541
1745.0,0.19608773291110992
1746.0,0.1226508840918541
1747.0,0.13151100277900696
1748.0,0.4013654291629791
1749.0,0.2007196545600891
1750.0,0.16160543262958527
1751.0,0.16759155690670013
1752.0,0.1226508840918541
1753.0,0.31520381569862366
1754.0,0.17574527859687805
1755.0,0.15845732390880585
1756.0,0.1226508840918541
1757.0,0.25609907507896423
1758.0,0.1226508840918541
1759.0,0.24057120084762573
1760.0,0.1226508840918541
1761.0,0.1226508840918541
1762.0,0.1226508840918541
1763.0,0.14917796850204468
1764.0,0.9247046709060669
1765.0,0.1226508840918541
1766.0,0.2718343734741211
1767.0,0.17749185860157013
1768.0,0.1226508840918541
1769.0,0.1226508840918541
1770.0,0.1226508840918541
1771.0,0.1226508840918541
1772.0,0.5932546854019165
1773.0,0.1658811718225479
1774.0,0.15528042614459991
1775.0,0.1226508840918541
1776.0,0.1931229680776596
1777.0,0.3427876830101013
1778.0,0.1226508840918541
1779.0,0.16708949208259583
1780.0,0.18747885525226593
1781.0,0.15917935967445374
1782.0,0.1226508840918541
1783.0,0.17727278172969818
1784.0,0.1226508840918541
1785.0,0.1226508840918541
1786.0,0.23018917441368103
1787.0,0.7985520958900452
1788.0,0.12672170996665955
1789.0,0.1226508840918541
1790.0,0.1226508840918541
1791.0,0.1226508840918541
1792.0,0.1226508840918541
1793.0,0.2164076566696167
1794.0,0.1226508840918541
1795.0,0.1226508840918541
1796.0,0.19037744402885437
1797.0,0.18479521572589874
1798.0,0.22161902487277985
1799.0,0.1226508840918541
1800.0,0.9251783490180969
1801.0,0.1226508840918541
1802.0,0.17453303933143616
1803.0,0.3126850724220276
1804.0,0.1226508840918541
1805.0,0.22254614531993866
1806.0,0.1226508840918541
1807.0,0.8193175196647644
1808.0,0.12337366491556168
1809.0,0.1226508840918541
1810.0,0.164597287774086
1811.0,0.1226508840918541
1812.0,0.19552038609981537
1813.0,0.1226508840918541
1814.0,0.06526027619838715
1815.0,0.1226508840918541
1816.0,0.1226508840918541
1817.0,0.1226508840918541
1818.0,0.1226508840918541
1819.0,0.22778446972370148
1820.0,0.5541587471961975
1821.0,0.16295242309570312
1822.0,0.1226508840918541
1823.0,0.22747832536697388
1824.0,0.1226508840918541
1825.0,0.13722915947437286
1826.0,0.1820519119501114
1827.0,0.1450156569480896
1828.0,0.18106518685817719
1829.0,0.1226508840918541
1830.0,0.1327764391899109
1831.0,0.1226508840918541
1832.0,0.21923905611038208
1833.0,0.16059096157550812
1834.0,0.21678201854228973
1835.0,0.1226508840918541
1836.0,0.1226508840918541
1837.0,0.1226508840918541
1838.0,0.1226508840918541
1839.0,0.1226508840918541
1840.0,0.8779765963554382
1841.0,0.1662970334291458
1842.0,0.12826895713806152
1843.0,0.16381430625915527
1844.0,0.15725985169410706
1845.0,0.12579688429832458
1846.0,0.27588972449302673
1847.0,0.731049656867981
1848.0,0.1226508840918541
1849.0,0.1226508840918541
1850.0,0.7930684685707092
1851.0,0.8869073987007141
1852.0,0.1226508840918541
1853.0,0.1226508840918541
1854.0,0.1226508840918541
1855.0,0.1226508840918541
1856.0,0.1226508840918541
1857.0,0.1226508840918541
1858.0,0.4794018864631653
1859.0,0.3185615837574005
1860.0,0.1226508840918541
1861.0,0.1226508840918541
1862.0,0.1226508840918541
1863.0,0.12704989314079285
1864.0,0.1332092136144638
1865.0,0.1226508840918541
1866.0,0.1226508840918541
1867.0,0.12860648334026337
1868.0,0.1226508840918541
1869.0,0.1226508840918541
1870.0,0.18312746286392212
1871.0,0.1226508840918541
1872.0,0.1490931659936905
1873.0,0.6853095293045044
1874.0,0.1944364309310913
1875.0,0.1226508840918541
1876.0,0.1226508840918541
1877.0,0.9148104786872864
1878.0,0.14986169338226318
1879.0,0.39763709902763367
1880.0,0.1226508840918541
1881.0,0.1226508840918541
1882.0,0.8248996138572693
1883.0,0.1226508840918541
1884.0,0.1226508840918541
1885.0,0.25745898485183716
1886.0,0.21778862178325653
1887.0,0.2323349565267563
1888.0,0.1226508840918541
1889.0,0.1226508840918541
1890.0,0.1226508840918541
1891.0,0.1226508840918541
1892.0,0.1226508840918541
1893.0,0.1226508840918541
1894.0,0.47143739461898804
1895.0,0.9156781435012817
1896.0,0.14531372487545013
1897.0,0.3752257227897644
1898.0,0.1226508840918541
1899.0,0.13307926058769226
1900.0,0.1226508840918541
1901.0,0.1226508840918541
1902.0,0.12388098984956741
1903.0,0.1226508840918541
1904.0,0.1923288106918335
1905.0,0.1971786618232727
1906.0,0.1226508840918541
1907.0,0.1226508840918541
1908.0,0.1394842118024826
1909.0,0.1226508840918541
1910.0,0.17156599462032318
1911.0,0.32433316111564636
1912.0,0.1226508840918541
1913.0,0.1226508840918541
1914.0,0.1226508840918541
1915.0,0.3735155463218689
1916.0,0.23875591158866882
1917.0,0.1226508840918541
1918.0,0.15504427254199982
1919.0,0.15394604206085205
1920.0,0.14630472660064697
1921.0,0.13488218188285828
1922.0,0.1226508840918541
1923.0,0.12994995713233948
1924.0,0.1695694923400879
1925.0,0.1739690899848938
1926.0,0.16197550296783447
1927.0,0.13991723954677582
1928.0,0.1226508840918541
1929.0,0.1226508840918541
1930.0,0.1226508840918541
1931.0,0.1226508840918541
1932.0,0.22109387814998627
1933.0,0.12525059282779694
1934.0,0.1226508840918541
1935.0,0.22515448927879333
1936.0,0.1226508840918541
1937.0,0.5616517663002014
1938.0,0.1496167778968811
1939.0,0.1226508840918541
1940.0,0.12520071864128113
1941.0,0.07476940006017685
1942.0,0.14800043404102325
1943.0,0.1226508840918541
1944.0,0.1226508840918541
1945.0,0.17016227543354034
1946.0,0.1226508840918541
1947.0,0.9036536812782288
1948.0,0.1226508840918541
1949.0,0.1226508840918541
1950.0,0.1226508840918541
1951.0,0.2364536076784134
1952.0,0.14109569787979126
1953.0,0.1226508840918541
1954.0,0.17173677682876587
1955.0,0.1226508840918541
1956.0,0.605870246887207
1957.0,0.1226508840918541
1958.0,0.28980210423469543
1959.0,0.1226508840918541
1960.0,0.8837277293205261
1961.0,0.1226508840918541
1962.0,0.1226508840918541
1963.0,0.2112266570329666
1964.0,0.1226508840918541
1965.0,0.5835317373275757
1966.0,0.12598344683647156
1967.0,0.1226508840918541
1968.0,0.1226508840918541
1969.0,0.13971862196922302
1970.0,0.1226508840918541
1971.0,0.1226508840918541
1972.0,0.17709769308567047
1973.0,0.13247421383857727
1974.0,0.1226508840918541
1975.0,0.12648217380046844
1976.0,0.3874169588088989
1977.0,0.17322008311748505
1978.0,0.1226508840918541
1979.0,0.1226508840918541
1980.0,0.1226508840918541
1981.0,0.1226508840918541
1982.0,0.14923514425754547
1983.0,0.21343620121479034
1984.0,0.1226508840918541
1985.0,0.1226508840918541
1986.0,0.1255708634853363
1987.0,0.12475775927305222
1988.0,0.1226508840918541
1989.0,0.27998217940330505
1990.0,0.13157962262630463
1991.0,0.1226508840918541
1992.0,0.12545886635780334
1993.0,0.1226508840918541
1994.0,0.16085843741893768
1995.0,0.1226508840918541
1996.0,0.14015226066112518
1997.0,0.1226508840918541
1998.0,0.2270459085702896
1999.0,0.14103426039218903
2000.0,0.12691369652748108
2001.0,0.2173943966627121
2002.0,0.1226508840918541
2003.0,0.1226508840918541
2004.0,0.1226508840918541
2005.0,0.12857535481452942
2006.0,0.16484515368938446
2007.0,0.19727376103401184
2008.0,0.1226508840918541
2009.0,0.16675545275211334
2010.0,0.16443219780921936
2011.0,0.1226508840918541
2012.0,0.15809732675552368
2013.0,0.16282959282398224
2014.0,0.14622972905635834
2015.0,0.16914711892604828
2016.0,0.8486219048500061
2017.0,0.1226508840918541
2018.0,0.08926317095756531
2019.0,0.16313490271568298
2020.0,0.1226508840918541
2021.0,0.1504400074481964
2022.0,0.1251181811094284
2023.0,0.1226508840918541
2024.0,0.29862964153289795
2025.0,0.1226508840918541
2026.0,0.13254325091838837
2027.0,0.21645969152450562
2028.0,0.1226508840918541
2029.0,0.1686413437128067
2030.0,0.1226508840918541
2031.0,0.2086370289325714
2032.0,0.14069591462612152
2033.0,0.13570696115493774
2034.0,0.7635400891304016
2035.0,0.1226508840918541
2036.0,0.1226508840918541
2037.0,0.1226508840918541
2038.0,0.1226508840918541
2039.0,0.1226508840918541
2040.0,0.1277592033147812
2041.0,0.13801312446594238
2042.0,0.2154594510793686
2043.0,0.1226508840918541
2044.0,0.17596285045146942
2045.0,0.1226508840918541
2046.0,0.1226508840918541
2047.0,0.20091238617897034
2048.0,0.1226508840918541
2049.0,0.1226508840918541
2050.0,0.1226508840918541
2051.0,0.12582449615001678
2052.0,0.1226508840918541
2053.0,0.1226508840918541
2054.0,0.18434329330921173
2055.0,0.1598234474658966
2056.0,0.08959399908781052
2057.0,0.1226508840918541
2058.0,0.6292272806167603
2059.0,0.1226508840918541
2060.0,0.1413688212633133
2061.0,0.1226508840918541
2062.0,0.12668055295944214
2063.0,0.1226508840918541
2064.0,0.5399826765060425
2065.0,0.1226508840918541
2066.0,0.2039346694946289
2067.0,0.1226508840918541
2068.0,0.1226508840918541
2069.0,0.2197534441947937
2070.0,0.1226508840918541
2071.0,0.1226508840918541
2072.0,0.23786596953868866
2073.0,0.2316506952047348
2074.0,0.1226508840918541
2075.0,0.23688755929470062
2076.0,0.225460022687912
2077.0,0.1526987999677658
2078.0,0.3579467535018921
2079.0,0.1226508840918541
2080.0,0.15223316848278046
2081.0,0.12400029599666595
2082.0,0.2017814815044403
2083.0,0.13570763170719147
2084.0,0.1226508840918541
2085.0,0.13279375433921814
2086.0,0.1226508840918541
2087.0,0.1226508840918541
2088.0,0.3000471889972687
2089.0,0.1226508840918541
2090.0,0.13057078421115875
2091.0,0.1226508840918541
2092.0,0.1226508840918541
2093.0,0.1226508840918541
2094.0,0.16688065230846405
2095.0,0.44246381521224976
2096.0,0.23267996311187744
2097.0,0.13526801764965057
2098.0,0.1226508840918541
2099.0,0.9242191910743713
2100.0,0.14921611547470093
2101.0,0.19406114518642426
2102.0,0.12866537272930145
2103.0,0.1226508840918541
2104.0,0.1226508840918541
2105.0,0.1226508840918541
2106.0,0.1226508840918541
2107.0,0.1226508840918541
2108.0,0.1226508840918541
2109.0,0.1226508840918541
2110.0,0.21917594969272614
2111.0,0.1386394053697586
2112.0,0.1259644329547882
2113.0,0.7108690738677979
2114.0,0.13442732393741608
2115.0,0.24081780016422272
2116.0,0.1226508840918541
2117.0,0.23086227476596832
2118.0,0.1226508840918541
2119.0,0.1226508840918541
2120.0,0.1226508840918541
2121.0,0.1488543152809143
2122.0,0.1226508840918541
2123.0,0.16107727587223053
2124.0,0.1226508840918541
2125.0,0.1738026887178421
2126.0,0.1226508840918541
2127.0,0.1226508840918541
2128.0,0.1226508840918541
2129.0,0.1226508840918541
2130.0,0.1056666150689125
2131.0,0.24145865440368652
2132.0,0.1226508840918541
2133.0,0.16243499517440796
2134.0,0.13937611877918243
2135.0,0.1226508840918541
2136.0,0.1226508840918541
2137.0,0.17159192264080048
2138.0,0.16328033804893494
2139.0,0.20187824964523315
2140.0,0.16315731406211853
2141.0,0.12675993144512177
2142.0,0.16793951392173767
2143.0,0.1226508840918541
2144.0,0.18579238653182983
2145.0,0.14800043404102325
2146.0,0.1890389323234558
2147.0,0.19153223931789398
2148.0,0.10956771671772003
2149.0,0.1226508840918541
2150.0,0.1226508840918541
2151.0,0.11966221034526825
2152.0,0.1226508840918541
2153.0,0.1226508840918541
2154.0,0.15213632583618164
2155.0,0.1226508840918541
2156.0,0.1226508840918541
2157.0,0.1226508840918541
2158.0,0.1226508840918541
2159.0,0.14325624704360962
2160.0,0.19000747799873352
2161.0,0.1226508840918541
2162.0,0.1226508840918541
2163.0,0.12598517537117004
2164.0,0.22255605459213257
2165.0,0.1226508840918541
2166.0,0.12743276357650757
2167.0,0.15777786076068878
2168.0,0.1356196254491806
2169.0,0.1398269087076187
2170.0,0.18647468090057373
2171.0,0.1302642822265625
2172.0,0.21862290799617767
2173.0,0.1226508840918541
2174.0,0.18398243188858032
2175.0,0.18506677448749542
2176.0,0.1226508840918541
2177.0,0.12655846774578094
2178.0,0.28840747475624084
2179.0,0.13098888099193573
2180.0,0.18825766444206238
2181.0,0.1226508840918541
2182.0,0.1924687623977661
2183.0,0.4880608320236206
2184.0,0.19415438175201416
2185.0,0.1226508840918541
2186.0,0.4390324056148529
2187.0,0.1226508840918541
2188.0,0.9252920746803284
2189.0,0.13493472337722778
2190.0,0.1226508840918541
2191.0,0.12330956757068634
2192.0,0.1226508840918541
2193.0,0.17872251570224762
2194.0,0.16480378806591034
2195.0,0.12923026084899902
2196.0,0.1226508840918541
2197.0,0.125992089509964
2198.0,0.1226508840918541
2199.0,0.1226508840918541
2200.0,0.1226508840918541
2201.0,0.14826563000679016
2202.0,0.2413221299648285
2203.0,0.12486235797405243
2204.0,0.8850998282432556
2205.0,0.8803793787956238
2206.0,0.23479023575782776
2207.0,0.21678201854228973
2208.0,0.1226508840918541
2209.0,0.18075887858867645
2210.0,0.1226508840918541
2211.0,0.1226508840918541
2212.0,0.693500816822052
2213.0,0.1226508840918541
2214.0,0.1226508840918541
2215.0,0.17160868644714355
2216.0,0.22179429233074188
2217.0,0.1226508840918541
2218.0,0.1226508840918541
2219.0,0.1226508840918541
2220.0,0.19216209650039673
2221.0,0.1226508840918541
2222.0,0.1226508840918541
2223.0,0.1226508840918541
2224.0,0.15304873883724213
2225.0,0.1226508840918541
2226.0,0.1226508840918541
2227.0,0.1707613170146942
2228.0,0.4694138765335083
2229.0,0.1226508840918541
2230.0,0.21315327286720276
2231.0,0.1226508840918541
2232.0,0.1226508840918541
2233.0,0.15453359484672546
2234.0,0.1369449943304062
2235.0,0.1226508840918541
2236.0,0.1226508840918541
2237.0,0.19565452635288239
2238.0,0.1226508840918541
2239.0,0.1226508840918541
2240.0,0.2006233185529709
2241.0,0.1274583786725998
2242.0,0.15168920159339905
2243.0,0.1226508840918541
2244.0,0.1226508840918541
2245.0,0.640433132648468
2246.0,0.1226508840918541
2247.0,0.20139487087726593
2248.0,0.1226508840918541
2249.0,0.1226508840918541
2250.0,0.7365493178367615
2251.0,0.13590145111083984
2252.0,0.1226508840918541
2253.0,0.1548524647951126
2254.0,0.1310165375471115
2255.0,0.4325839877128601
2256.0,0.1226508840918541
2257.0,0.1226508840918541
2258.0,0.1226508840918541
2259.0,0.1226508840918541
2260.0,0.20558004081249237
2261.0,0.1226508840918541
2262.0,0.9273958802223206
2263.0,0.16291148960590363
2264.0,0.18411768972873688
2265.0,0.1226508840918541
2266.0,0.13898038864135742
2267.0,0.1432746797800064
2268.0,0.12579688429832458
2269.0,0.1226508840918541
2270.0,0.16990016400814056
2271.0,0.1226508840918541
2272.0,0.15877790749073029
2273.0,0.1226508840918541
2274.0,0.1526210755109787
2275.0,0.1226508840918541
2276.0,0.1226508840918541
2277.0,0.1226508840918541
2278.0,0.12424607574939728
2279.0,0.13106578588485718
2280.0,0.1583772897720337
2281.0,0.1618904173374176
2282.0,0.14058704674243927
2283.0,0.19745148718357086
2284.0,0.1226508840918541
2285.0,0.23597513139247894
2286.0,0.21729226410388947
2287.0,0.14142350852489471
2288.0,0.1226508840918541
2289.0,0.12366899102926254
2290.0,0.2742159962654114
2291.0,0.1226508840918541
2292.0,0.1226508840918541
2293.0,0.17467941343784332
2294.0,0.19464713335037231
2295.0,0.8684564828872681
2296.0,0.1226508840918541
2297.0,0.2006233185529709
2298.0,0.16923153400421143
2299.0,0.1684730350971222
2300.0,0.1226508840918541
2301.0,0.17037437856197357
2302.0,0.20824068784713745
2303.0,0.1226508840918541
2304.0,0.1226508840918541
2305.0,0.23410093784332275
2306.0,0.1408112496137619
2307.0,0.1226508840918541
2308.0,0.1226508840918541
2309.0,0.6812290549278259
2310.0,0.1226508840918541
2311.0,0.1226508840918541
2312.0,0.1226508840918541
2313.0,0.2148616462945938
2314.0,0.1256846785545349
2315.0,0.4006491005420685
2316.0,0.1226508840918541
2317.0,0.1893911063671112
2318.0,0.19947011768817902
2319.0,0.1226508840918541
2320.0,0.6385442018508911
2321.0,0.17837025225162506
2322.0,0.1226508840918541
2323.0,0.1678849309682846
2324.0,0.13199186325073242
2325.0,0.12508553266525269
2326.0,0.12569504976272583
2327.0,0.1226508840918541
2328.0,0.1226508840918541
2329.0,0.30182719230651855
2330.0,0.1226508840918541
2331.0,0.16872555017471313
2332.0,0.1226508840918541
2333.0,0.22232063114643097
2334.0,0.1226508840918541
2335.0,0.2122289091348648
2336.0,0.7558486461639404
2337.0,0.15571413934230804
2338.0,0.16018663346767426
2339.0,0.19677577912807465
2340.0,0.1674240678548813
2341.0,0.6589168906211853
2342.0,0.3970000445842743
2343.0,0.1226508840918541
2344.0,0.1226508840918541
2345.0,0.1226787343621254
2346.0,0.1226508840918541
2347.0,0.1226508840918541
2348.0,0.1272498220205307
2349.0,0.1226508840918541
2350.0,0.36849528551101685
2351.0,0.1226508840918541
2352.0,0.18784505128860474
2353.0,0.1478099375963211
2354.0,0.12883378565311432
2355.0,0.1226508840918541
2356.0,0.20616909861564636
2357.0,0.2228579819202423
2358.0,0.1226508840918541
2359.0,0.226519376039505
2360.0,0.1226508840918541
2361.0,0.15101653337478638
2362.0,0.1388547122478485
2363.0,0.1636909693479538
2364.0,0.1226508840918541
2365.0,0.15402428805828094
2366.0,0.1226508840918541
2367.0,0.2930050790309906
2368.0,0.5231713056564331
2369.0,0.283088356256485
2370.0,0.13057078421115875
2371.0,0.20344050228595734
2372.0,0.1226508840918541
2373.0,0.1226508840918541
2374.0,0.19042372703552246
2375.0,0.2133236527442932
2376.0,0.19028489291667938
2377.0,0.1524658352136612
2378.0,0.1226508840918541
2379.0,0.1226508840918541
2380.0,0.1226508840918541
2381.0,0.17139537632465363
2382.0,0.1226508840918541
2383.0,0.23677901923656464
2384.0,0.40091127157211304
2385.0,0.25502443313598633
2386.0,0.7623663544654846
2387.0,0.1346091330051422
2388.0,0.1226508840918541
2389.0,0.6857218146324158
2390.0,0.12603530287742615
2391.0,0.2676595151424408
2392.0,0.1226508840918541
2393.0,0.20489436388015747
2394.0,0.17024709284305573
2395.0,0.1226508840918541
2396.0,0.21263077855110168
2397.0,0.1226508840918541
2398.0,0.1226508840918541
2399.0,0.1226508840918541
2400.0,0.14585526287555695
2401.0,0.15925976634025574
2402.0,0.1226508840918541
2403.0,0.1226508840918541
2404.0,0.1226508840918541
2405.0,0.1226508840918541
2406.0,0.1103629320859909
2407.0,0.18670254945755005
2408.0,0.17644228041172028
2409.0,0.1459675431251526
2410.0,0.30203238129615784
2411.0,0.21086445450782776
2412.0,0.15707683563232422
2413.0,0.17600639164447784
2414.0,0.12625683844089508
2415.0,0.1226508840918541
2416.0,0.2200624942779541
2417.0,0.1226508840918541
2418.0,0.1384602189064026
2419.0,0.1226508840918541
2420.0,0.18344207108020782
2421.0,0.1226508840918541
2422.0,0.9237486720085144
2423.0,0.1226508840918541
2424.0,0.0785059779882431
2425.0,0.13475681841373444
2426.0,0.1226508840918541
2427.0,0.38542577624320984
2428.0,0.7462538480758667
2429.0,0.1226508840918541
2430.0,0.1226508840918541
2431.0,0.1226508840918541
2432.0,0.17509378492832184
2433.0,0.1947658360004425
2434.0,0.15806938707828522
2435.0,0.1226508840918541
2436.0,0.12396281212568283
2437.0,0.1226508840918541
2438.0,0.1226508840918541
2439.0,0.17024709284305573
2440.0,0.1445137858390808
2441.0,0.22254614531993866
2442.0,0.19014613330364227
2443.0,0.2443419247865677
2444.0,0.1726355403661728
2445.0,0.1226508840918541
2446.0,0.1226508840918541
2447.0,0.188900887966156
2448.0,0.18934014439582825
2449.0,0.1226508840918541
2450.0,0.1226508840918541
2451.0,0.1339041292667389
2452.0,0.1226508840918541
2453.0,0.16513469815254211
2454.0,0.12390288710594177
2455.0,0.1226508840918541
2456.0,0.19335700571537018
2457.0,0.23262865841388702
2458.0,0.18926919996738434
2459.0,0.1226508840918541
2460.0,0.2206672877073288
2461.0,0.12631572782993317
2462.0,0.1226508840918541
2463.0,0.17718257009983063
2464.0,0.12678079307079315
2465.0,0.14440245926380157
2466.0,0.1226508840918541
2467.0,0.5755276083946228
2468.0,0.12408304959535599
2469.0,0.1226508840918541
2470.0,0.1728930026292801
2471.0,0.6786869168281555
2472.0,0.1251542866230011
2473.0,0.1896842122077942
2474.0,0.13883410394191742
2475.0,0.22078487277030945
2476.0,0.2889423072338104
2477.0,0.1503632515668869
2478.0,0.12305502593517303
2479.0,0.1226508840918541
2480.0,0.1226508840918541
2481.0,0.1226508840918541
2482.0,0.616366982460022
2483.0,0.1226508840918541
2484.0,0.16592270135879517
2485.0,0.1226508840918541
2486.0,0.1226508840918541
2487.0,0.1451832503080368
2488.0,0.1226508840918541
2489.0,0.21383976936340332
2490.0,0.1292133778333664
2491.0,0.1226508840918541
2492.0,0.18434329330921173
2493.0,0.15174943208694458
2494.0,0.13977277278900146
2495.0,0.23064909875392914
2496.0,0.17105449736118317
2497.0,0.13179416954517365
2498.0,0.1226508840918541
2499.0,0.7260935306549072
2500.0,0.1226508840918541
2501.0,0.1226508840918541
2502.0,0.12558983266353607
2503.0,0.13719359040260315
2504.0,0.13132250308990479
2505.0,0.4129915237426758
2506.0,0.1226508840918541
2507.0,0.1226508840918541
2508.0,0.14967408776283264
2509.0,0.1226508840918541
2510.0,0.1226508840918541
2511.0,0.165176123380661
2512.0,0.1226508840918541
2513.0,0.1934506744146347
2514.0,0.19975794851779938
2515.0,0.7135295867919922
2516.0,0.12659668922424316
2517.0,0.23267996311187744
2518.0,0.1226508840918541
2519.0,0.1226508840918541
2520.0,0.1226508840918541
2521.0,0.24226343631744385
2522.0,0.1226508840918541
2523.0,0.12584176659584045
2524.0,0.796455979347229
2525.0,0.1226508840918541
2526.0,0.8121795058250427
2527.0,0.4094568192958832
2528.0,0.20248742401599884
2529.0,0.12726648151874542
2530.0,0.6613734364509583
2531.0,0.21606339514255524
2532.0,0.1782822459936142
2533.0,0.1226508840918541
2534.0,0.8982653617858887
2535.0,0.5495586395263672
2536.0,0.17727278172969818
2537.0,0.1226508840918541
2538.0,0.1226508840918541
2539.0,0.13111712038516998
2540.0,0.3623623251914978
2541.0,0.1226508840918541
2542.0,0.1226508840918541
2543.0,0.1226508840918541
2544.0,0.1226508840918541
2545.0,0.12391676753759384
2546.0,0.40066155791282654
2547.0,0.1226508840918541
2548.0,0.05656011402606964
2549.0,0.1226508840918541
2550.0,0.21112662553787231
2551.0,0.15797746181488037
2552.0,0.1226508840918541
2553.0,0.1226508840918541
2554.0,0.1226508840918541
2555.0,0.1226508840918541
2556.0,0.6465079188346863
2557.0,0.21917594969272614
2558.0,0.1226508840918541
2559.0,0.12318403273820877
2560.0,0.15587212145328522
2561.0,0.12390737980604172
2562.0,0.1226508840918541
2563.0,0.14207163453102112
2564.0,0.1226508840918541
2565.0,0.1226508840918541
2566.0,0.1226508840918541
2567.0,0.1226508840918541
2568.0,0.14855024218559265
2569.0,0.22757476568222046
2570.0,0.12589704990386963
2571.0,0.1226508840918541
2572.0,0.1226508840918541
2573.0,0.17823828756809235
2574.0,0.1226508840918541
2575.0,0.7581077814102173
2576.0,0.13984496891498566
2577.0,0.17703455686569214
2578.0,0.13136529922485352
2579.0,0.1602674126625061
2580.0,0.13546890020370483
2581.0,0.9104409217834473
2582.0,0.7844182252883911
2583.0,0.14495982229709625
2584.0,0.1226508840918541
2585.0,0.1226508840918541
2586.0,0.1226508840918541
2587.0,0.1226508840918541
2588.0,0.21212854981422424
2589.0,0.14528506994247437
2590.0,0.1226508840918541
2591.0,0.19727376103401184
2592.0,0.1355140656232834
2593.0,0.1226508840918541
2594.0,0.433704137802124
2595.0,0.12554672360420227
2596.0,0.20972977578639984
2597.0,0.22567877173423767
2598.0,0.1226508840918541
2599.0,0.1226508840918541
2600.0,0.15805737674236298
2601.0,0.1226508840918541
2602.0,0.12310733646154404
2603.0,0.12444949895143509
2604.0,0.20976634323596954
2605.0,0.26904913783073425
2606.0,0.2033429741859436
2607.0,0.1226508840918541
2608.0,0.1234653890132904
2609.0,0.7806633710861206
2610.0,0.1398630440235138
2611.0,0.1226508840918541
2612.0,0.16843096911907196
2613.0,0.1226508840918541
2614.0,0.1226508840918541
2615.0,0.16501054167747498
2616.0,0.1226508840918541
2617.0,0.92756587266922
2618.0,0.20255637168884277
2619.0,0.1226508840918541
2620.0,0.22263500094413757
2621.0,0.39606916904449463
2622.0,0.1226508840918541
2623.0,0.1226508840918541
2624.0,0.17263901233673096
2625.0,0.14523915946483612
2626.0,0.9364590048789978
2627.0,0.21468529105186462
2628.0,0.1226508840918541
2629.0,0.2209915667772293
2630.0,0.2357773631811142
2631.0,0.18335212767124176
2632.0,0.17028950154781342
2633.0,0.1226508840918541
2634.0,0.1360602080821991
2635.0,0.1844787746667862
2636.0,0.1360602080821991
2637.0,0.24035502970218658
2638.0,0.1226508840918541
2639.0,0.15196211636066437
2640.0,0.1226508840918541
2641.0,0.1226508840918541
2642.0,0.6075227856636047
2643.0,0.14896847307682037
2644.0,0.1226508840918541
2645.0,0.2228579819202423
2646.0,0.10004478693008423
2647.0,0.1226508840918541
2648.0,0.4205322861671448
2649.0,0.12567952275276184
2650.0,0.15229132771492004
2651.0,0.22265009582042694
2652.0,0.12538999319076538
2653.0,0.1982264369726181
2654.0,0.1268746703863144
2655.0,0.20257380604743958
2656.0,0.17659106850624084
2657.0,0.12452133744955063
2658.0,0.18729597330093384
2659.0,0.15885813534259796
2660.0,0.15737926959991455
2661.0,0.1253383308649063
2662.0,0.20587441325187683
2663.0,0.1226508840918541
2664.0,0.15363344550132751
2665.0,0.4431392252445221
2666.0,0.3686491847038269
2667.0,0.1226508840918541
2668.0,0.1226508840918541
2669.0,0.22202709317207336
2670.0,0.1771414428949356
2671.0,0.1226508840918541
2672.0,0.5613387227058411
2673.0,0.12436144053936005
2674.0,0.13122831284999847
2675.0,0.15445517003536224
2676.0,0.1226508840918541
2677.0,0.1226508840918541
2678.0,0.1226508840918541
2679.0,0.18606509268283844
2680.0,0.1226508840918541
2681.0,0.1226508840918541
2682.0,0.16651000082492828
2683.0,0.1226508840918541
2684.0,0.7271249890327454
2685.0,0.13305328786373138
2686.0,0.2157641500234604
2687.0,0.1226508840918541
2688.0,0.28457215428352356
2689.0,0.1226508840918541
2690.0,0.13386930525302887
2691.0,0.27156874537467957
2692.0,0.06613302230834961
2693.0,0.1226508840918541
2694.0,0.18538396060466766
2695.0,0.1226508840918541
2696.0,0.18578068912029266
2697.0,0.1226508840918541
2698.0,0.25114360451698303
2699.0,0.12689557671546936
2700.0,0.1226508840918541
2701.0,0.1226508840918541
2702.0,0.1226508840918541
2703.0,0.19453050196170807
2704.0,0.7076572775840759
2705.0,0.13491718471050262
2706.0,0.1226508840918541
2707.0,0.1662554293870926
2708.0,0.1360602080821991
2709.0,0.1226508840918541
2710.0,0.18321730196475983
2711.0,0.1264648288488388
2712.0,0.9263163805007935
2713.0,0.1226508840918541
2714.0,0.1226508840918541
2715.0,0.236996129155159
2716.0,0.20440563559532166
2717.0,0.1226508840918541
2718.0,0.1226508840918541
2719.0,0.1739690899848938
2720.0,0.2975619435310364
2721.0,0.19251857697963715
2722.0,0.1226508840918541
2723.0,0.15180742740631104
2724.0,0.1226508840918541
2725.0,0.2019749879837036
2726.0,0.1226508840918541
2727.0,0.21092665195465088
2728.0,0.1974640190601349
2729.0,0.1226508840918541
2730.0,0.12403356283903122
2731.0,0.22641420364379883
2732.0,0.22892777621746063
2733.0,0.2960384488105774
2734.0,0.164597287774086
2735.0,0.1226508840918541
2736.0,0.1226508840918541
2737.0,0.1226508840918541
2738.0,0.17148064076900482
2739.0,0.1226508840918541
2740.0,0.20518802106380463
2741.0,0.8869073987007141
2742.0,0.1226508840918541
2743.0,0.21394073963165283
2744.0,0.1226508840918541
2745.0,0.14314574003219604
2746.0,0.1226508840918541
2747.0,0.13333061337471008
2748.0,0.1226508840918541
2749.0,0.1226508840918541
2750.0,0.16683891415596008
2751.0,0.1257278025150299
2752.0,0.23386144638061523
2753.0,0.23666822910308838
2754.0,0.12423244118690491
2755.0,0.1226508840918541
2756.0,0.1226508840918541
2757.0,0.17979684472084045
2758.0,0.14189811050891876
2759.0,0.1226508840918541
2760.0,0.1226508840918541
2761.0,0.1748337298631668
2762.0,0.12667308747768402
2763.0,0.16095559298992157
2764.0,0.21082672476768494
2765.0,0.1226508840918541
2766.0,0.1432931274175644
2767.0,0.1226508840918541
2768.0,0.12981954216957092
2769.0,0.1226508840918541
2770.0,0.1226508840918541
2771.0,0.15722008049488068
2772.0,0.17156599462032318
2773.0,0.1226508840918541
2774.0,0.1226508840918541
2775.0,0.8812924027442932
2776.0,0.13276781141757965
2777.0,0.18223083019256592
2778.0,0.1226508840918541
2779.0,0.14162415266036987
2780.0,0.164886474609375
2781.0,0.15714052319526672
2782.0,0.19209569692611694
2783.0,0.20903389155864716
2784.0,0.1226508840918541
2785.0,0.23845691978931427
2786.0,0.1709267795085907
2787.0,0.55038982629776
2788.0,0.1226508840918541
2789.0,0.19641928374767303
2790.0,0.1226508840918541
2791.0,0.24055543541908264
2792.0,0.18701285123825073
2793.0,0.16613057255744934
2794.0,0.1226508840918541
2795.0,0.14713172614574432
2796.0,0.12589877843856812
2797.0,0.19908678531646729
2798.0,0.13334208726882935
2799.0,0.16318120062351227
2800.0,0.5741896033287048
2801.0,0.1226508840918541
2802.0,0.20382030308246613
2803.0,0.1226508840918541
2804.0,0.1226508840918541
2805.0,0.1226508840918541
2806.0,0.1226508840918541
2807.0,0.24085623025894165
2808.0,0.15038689970970154
2809.0,0.20824068784713745
2810.0,0.1226508840918541
2811.0,0.1226508840918541
2812.0,0.19012080132961273
2813.0,0.1261010468006134
2814.0,0.2372134029865265
2815.0,0.15080492198467255
2816.0,0.23400260508060455
2817.0,0.2694081664085388
2818.0,0.1226508840918541
2819.0,0.19765441119670868
2820.0,0.1226508840918541
2821.0,0.18834945559501648
2822.0,0.1226508840918541
2823.0,0.12848874926567078
2824.0,0.14368057250976562
2825.0,0.1226508840918541
2826.0,0.1226508840918541
2827.0,0.1226508840918541
2828.0,0.21010325849056244
2829.0,0.3415742814540863
2830.0,0.19689364731311798
2831.0,0.1226508840918541
2832.0,0.10682392120361328
2833.0,0.2312890589237213
2834.0,0.1359453946352005
2835.0,0.13179416954517365
2836.0,0.1226508840918541
2837.0,0.17267842590808868
2838.0,0.13570696115493774
2839.0,0.12505635619163513
2840.0,0.12614603340625763
2841.0,0.2317483276128769
2842.0,0.12575200200080872
2843.0,0.1226508840918541
2844.0,0.1226508840918541
2845.0,0.8315468430519104
2846.0,0.1226508840918541
2847.0,0.1484743356704712
2848.0,0.1226508840918541
2849.0,0.13632512092590332
2850.0,0.16209417581558228
2851.0,0.1226508840918541
2852.0,0.12425123155117035
2853.0,0.17203596234321594
2854.0,0.12551571428775787
2855.0,0.1226508840918541
2856.0,0.15360498428344727
2857.0,0.8919663429260254
2858.0,0.1226508840918541
2859.0,0.1226508840918541
2860.0,0.1226508840918541
2861.0,0.3710499405860901
2862.0,0.1226508840918541
2863.0,0.21606911718845367
2864.0,0.1226508840918541
2865.0,0.4125492572784424
2866.0,0.25776293873786926
2867.0,0.1584973931312561
2868.0,0.1226508840918541
2869.0,0.1226508840918541
2870.0,0.18996578454971313
2871.0,0.2681528329849243
2872.0,0.13315722346305847
2873.0,0.1226508840918541
2874.0,0.12600794434547424
2875.0,0.12633998692035675
2876.0,0.1226508840918541
2877.0,0.1971786618232727
2878.0,0.1314338594675064
2879.0,0.1226508840918541
2880.0,0.19009990990161896
2881.0,0.1813821941614151
2882.0,0.1226508840918541
2883.0,0.1666303426027298
2884.0,0.19879969954490662
2885.0,0.14933045208454132
2886.0,0.1226508840918541
2887.0,0.20255637168884277
2888.0,0.12690599262714386
2889.0,0.21112662553787231
2890.0,0.13581332564353943
2891.0,0.18000422418117523
2892.0,0.20658551156520844
2893.0,0.1226508840918541
2894.0,0.1226508840918541
2895.0,0.1441059410572052
2896.0,0.32705891132354736
2897.0,0.1226508840918541
2898.0,0.7545194029808044
2899.0,0.22738191485404968
2900.0,0.16667205095291138
2901.0,0.1226508840918541
2902.0,0.1226508840918541
2903.0,0.1226508840918541
2904.0,0.1226508840918541
2905.0,0.1226508840918541
2906.0,0.23591195046901703
2907.0,0.1226508840918541
2908.0,0.12336859107017517
2909.0,0.22661180794239044
2910.0,0.6434072256088257
2911.0,0.23841069638729095
2912.0,0.20764723420143127
2913.0,0.18214136362075806
2914.0,0.1598234474658966
2915.0,0.1226508840918541
2916.0,0.1226508840918541
2917.0,0.1226508840918541
2918.0,0.1226508840918541
2919.0,0.8935725688934326
2920.0,0.23950278759002686
2921.0,0.13808457553386688
2922.0,0.13225869834423065
2923.0,0.17292936146259308
2924.0,0.4612989127635956
2925.0,0.1226508840918541
2926.0,0.1226508840918541
2927.0,0.15422001481056213
2928.0,0.4504055976867676
2929.0,0.18516695499420166
2930.0,0.1226508840918541
2931.0,0.12418033182621002
2932.0,0.1226508840918541
2933.0,0.14654865860939026
2934.0,0.1226508840918541
2935.0,0.22126884758472443
2936.0,0.12406599521636963
2937.0,0.2093319296836853
2938.0,0.1226508840918541
2939.0,0.1226508840918541
2940.0,0.8945991396903992
2941.0,0.13621912896633148
2942.0,0.1226508840918541
2943.0,0.1226508840918541
2944.0,0.14773555099964142
2945.0,0.1226508840918541
2946.0,0.1226508840918541
2947.0,0.1390882134437561
2948.0,0.1226508840918541
2949.0,0.1364135444164276
2950.0,0.1226508840918541
2951.0,0.20343075692653656
2952.0,0.15057432651519775
2953.0,0.1226508840918541
2954.0,0.27952608466148376
2955.0,0.1226508840918541
2956.0,0.1226508840918541
2957.0,0.12656545639038086
2958.0,0.17061755061149597
2959.0,0.1226508840918541
2960.0,0.1604471206665039
2961.0,0.1226508840918541
2962.0,0.1226508840918541
2963.0,0.3529297411441803
2964.0,0.1226508840918541
2965.0,0.26886969804763794
2966.0,0.23077300190925598
2967.0,0.1226508840918541
2968.0,0.8855541348457336
2969.0,0.1226508840918541
2970.0,0.1226508840918541
2971.0,0.1226508840918541
2972.0,0.12452653050422668
2973.0,0.7578696012496948
2974.0,0.1226508840918541
2975.0,0.22902460396289825
2976.0,0.14033327996730804
2977.0,0.46520695090293884
2978.0,0.1226508840918541
2979.0,0.4400866627693176
2980.0,0.1226508840918541
2981.0,0.1226508840918541
2982.0,0.17995993793010712
2983.0,0.346290647983551
2984.0,0.21434809267520905
2985.0,0.5381689071655273
2986.0,0.1226508840918541
2987.0,0.324733167886734
2988.0,0.1226508840918541
2989.0,0.8496324419975281
2990.0,0.1226508840918541
2991.0,0.19335700571537018
2992.0,0.19374364614486694
2993.0,0.1226508840918541
2994.0,0.1226508840918541
2995.0,0.17453071475028992
2996.0,0.1226508840918541
2997.0,0.1226508840918541
2998.0,0.1226508840918541
2999.0,0.1865658164024353
3000.0,0.17148064076900482
3001.0,0.1226508840918541
3002.0,0.1226508840918541
3003.0,0.22192338109016418
3004.0,0.18165448307991028
3005.0,0.17237839102745056
3006.0,0.136272132396698
3007.0,0.1226508840918541
3008.0,0.228443905711174
3009.0,0.1226508840918541
3010.0,0.1226508840918541
3011.0,0.1226508840918541
3012.0,0.15132476389408112
3013.0,0.1258469521999359
3014.0,0.14475524425506592
3015.0,0.1226508840918541
3016.0,0.4630337357521057
3017.0,0.22319984436035156
3018.0,0.1226508840918541
3019.0,0.18031466007232666
3020.0,0.1226508840918541
3021.0,0.15414169430732727
3022.0,0.18542930483818054
3023.0,0.1226508840918541
3024.0,0.1996619552373886
3025.0,0.1465299129486084
3026.0,0.1226508840918541
3027.0,0.1226508840918541
3028.0,0.1347595602273941
3029.0,0.21172736585140228
3030.0,0.1226508840918541
3031.0,0.1226508840918541
3032.0,0.1226508840918541
3033.0,0.1226508840918541
3034.0,0.12334992736577988
3035.0,0.1226508840918541
3036.0,0.12642665207386017
3037.0,0.482452392578125
3038.0,0.22950932383537292
3039.0,0.1226508840918541
3040.0,0.13797742128372192
3041.0,0.18574698269367218
3042.0,0.1226508840918541
3043.0,0.1226508840918541
3044.0,0.1226508840918541
3045.0,0.1226508840918541
3046.0,0.4363327920436859
3047.0,0.1226508840918541
3048.0,0.15578244626522064
3049.0,0.1226508840918541
3050.0,0.7559590935707092
3051.0,0.1226508840918541
3052.0,0.18452396988868713
3053.0,0.1226508840918541
3054.0,0.1226508840918541
3055.0,0.1226508840918541
3056.0,0.22233842313289642
3057.0,0.16688065230846405
3058.0,0.1226508840918541
3059.0,0.18363948166370392
3060.0,0.1226508840918541
3061.0,0.15149834752082825
3062.0,0.7489479780197144
3063.0,0.1226508840918541
3064.0,0.1226508840918541
3065.0,0.129365473985672
3066.0,0.1226508840918541
3067.0,0.1226508840918541
3068.0,0.1226508840918541
3069.0,0.1595011204481125
3070.0,0.1226508840918541
3071.0,0.1226508840918541
3072.0,0.1226508840918541
3073.0,0.19326812028884888
3074.0,0.1226508840918541
3075.0,0.1226508840918541
3076.0,0.12544506788253784
3077.0,0.1226508840918541
3078.0,0.25763338804244995
3079.0,0.1226508840918541
3080.0,0.3706241548061371
3081.0,0.5804240107536316
3082.0,0.22662466764450073
3083.0,0.14988437294960022
3084.0,0.23410093784332275
3085.0,0.1226508840918541
3086.0,0.1226508840918541
3087.0,0.1494067758321762
3088.0,0.1226508840918541
3089.0,0.18520264327526093
3090.0,0.3748181164264679
3091.0,0.13572527468204498
3092.0,0.1226508840918541
3093.0,0.1226508840918541
3094.0,0.1226508840918541
3095.0,0.17986352741718292
3096.0,0.1226508840918541
3097.0,0.2094256728887558
3098.0,0.1226508840918541
3099.0,0.1226508840918541
3100.0,0.22825056314468384
3101.0,0.20440563559532166
3102.0,0.1660676747560501
3103.0,0.12448544055223465
3104.0,0.1226508840918541
3105.0,0.7644761800765991
3106.0,0.1468493491411209
3107.0,0.18312746286392212
3108.0,0.1226508840918541
3109.0,0.12625336647033691
3110.0,0.20364241302013397
3111.0,0.1226508840918541
3112.0,0.1226508840918541
3113.0,0.1226508840918541
3114.0,0.16180895268917084
3115.0,0.1226508840918541
3116.0,0.1226508840918541
3117.0,0.12883378565311432
3118.0,0.1226508840918541
3119.0,0.1226508840918541
3120.0,0.16902053356170654
3121.0,0.13917814195156097
3122.0,0.1226508840918541
3123.0,0.1731937974691391
3124.0,0.14704400300979614
3125.0,0.12901079654693604
3126.0,0.1226508840918541
3127.0,0.20923253893852234
3128.0,0.14024275541305542
3129.0,0.1595011204481125
3130.0,0.12576924264431
3131.0,0.15801742672920227
3132.0,0.3804668188095093
3133.0,0.1226508840918541
3134.0,0.1586233228445053
3135.0,0.1226508840918541
3136.0,0.20255637168884277
3137.0,0.13444478809833527
3138.0,0.1226508840918541
3139.0,0.13835932314395905
3140.0,0.1226508840918541
3141.0,0.1226508840918541
3142.0,0.21264271438121796
3143.0,0.1226508840918541
3144.0,0.1226508840918541
3145.0,0.1226508840918541
3146.0,0.6072657108306885
3147.0,0.1226508840918541
3148.0,0.20179961621761322
3149.0,0.1840725839138031
3150.0,0.12499570846557617
3151.0,0.12631919980049133
3152.0,0.7896394729614258
3153.0,0.16217578947544098
3154.0,0.1226508840918541
3155.0,0.1226508840918541
3156.0,0.1226508840918541
3157.0,0.1226508840918541
3158.0,0.1226508840918541
3159.0,0.12274794280529022
3160.0,0.1226508840918541
3161.0,0.1226508840918541
3162.0,0.1227237731218338
3163.0,0.6718561053276062
3164.0,0.16209417581558228
3165.0,0.7427974939346313
3166.0,0.20343075692653656
3167.0,0.12495672702789307
3168.0,0.13558444380760193
3169.0,0.1226508840918541
3170.0,0.15543803572654724
3171.0,0.1254674643278122
3172.0,0.5108680725097656
3173.0,0.1226508840918541
3174.0,0.1736241579055786
3175.0,0.1226508840918541
3176.0,0.15805737674236298
3177.0,0.21617087721824646
3178.0,0.1499800682067871
3179.0,0.12931476533412933
3180.0,0.13762666285037994
3181.0,0.1226508840918541
3182.0,0.19396652281284332
3183.0,0.1884065717458725
3184.0,0.2169860154390335
3185.0,0.1226508840918541
3186.0,0.14305369555950165
3187.0,0.24115730822086334
3188.0,0.23331491649150848
3189.0,0.1226508840918541
3190.0,0.1226508840918541
3191.0,0.16567353904247284
3192.0,0.1226508840918541
3193.0,0.1226508840918541
3194.0,0.22662466764450073
3195.0,0.14540696144104004
3196.0,0.1410047560930252
3197.0,0.19125831127166748
3198.0,0.1226508840918541
3199.0,0.22834718227386475
3200.0,0.17596285045146942
3201.0,0.1226508840918541
3202.0,0.5848615765571594
3203.0,0.1226508840918541
3204.0,0.1226508840918541
3205.0,0.1226508840918541
3206.0,0.33319246768951416
3207.0,0.1226508840918541
3208.0,0.1226508840918541
3209.0,0.1226508840918541
3210.0,0.1226508840918541
3211.0,0.24048860371112823
3212.0,0.8895720839500427
3213.0,0.22431747615337372
3214.0,0.12924715876579285
3215.0,0.1226508840918541
3216.0,0.2175988107919693
3217.0,0.12531769275665283
3218.0,0.15559576451778412
3219.0,0.18091462552547455
3220.0,0.13168257474899292
3221.0,0.1226508840918541
3222.0,0.1226508840918541
3223.0,0.1226508840918541
3224.0,0.1226508840918541
3225.0,0.1829029619693756
3226.0,0.23895633220672607
3227.0,0.1226508840918541
3228.0,0.19860847294330597
3229.0,0.13742481172084808
3230.0,0.1226508840918541
3231.0,0.1226508840918541
3232.0,0.18420790135860443
3233.0,0.7467451691627502
3234.0,0.18867094814777374
3235.0,0.1226508840918541
3236.0,0.1226508840918541
3237.0,0.1226508840918541
3238.0,0.1226508840918541
3239.0,0.1266244798898697
3240.0,0.163198322057724
3241.0,0.13427019119262695
3242.0,0.1226508840918541
3243.0,0.1386215090751648
3244.0,0.16619403660297394
3245.0,0.20893462002277374
3246.0,0.15465131402015686
3247.0,0.1226508840918541
3248.0,0.18870984017848969
3249.0,0.22233842313289642
3250.0,0.1226508840918541
3251.0,0.1226508840918541
3252.0,0.23764827847480774
3253.0,0.1226508840918541
3254.0,0.22802075743675232
3255.0,0.1226508840918541
3256.0,0.1226508840918541
3257.0,0.1226508840918541
3258.0,0.13183711469173431
3259.0,0.1226508840918541
3260.0,0.1226508840918541
3261.0,0.16880981624126434
3262.0,0.1226508840918541
3263.0,0.21627262234687805
3264.0,0.16079342365264893
3265.0,0.1998436003923416
3266.0,0.1226508840918541
3267.0,0.1226508840918541
3268.0,0.12567952275276184
3269.0,0.601243257522583
3270.0,0.9246781468391418
3271.0,0.1226508840918541
3272.0,0.12759199738502502
3273.0,0.5656999349594116
3274.0,0.1226508840918541
3275.0,0.1226508840918541
3276.0,0.1226508840918541
3277.0,0.1599847674369812
3278.0,0.1226508840918541
3279.0,0.1226508840918541
3280.0,0.13236211240291595
3281.0,0.33000269532203674
3282.0,0.14264258742332458
3283.0,0.22431747615337372
3284.0,0.136272132396698
3285.0,0.1226508840918541
3286.0,0.14345906674861908
3287.0,0.1226508840918541
3288.0,0.1329234540462494
3289.0,0.1226508840918541
3290.0,0.33420684933662415
3291.0,0.14067775011062622
3292.0,0.1226508840918541
3293.0,0.17490480840206146
3294.0,0.28031888604164124
3295.0,0.1226508840918541
3296.0,0.1226508840918541
3297.0,0.6932248473167419
3298.0,0.1226508840918541
3299.0,0.22473572194576263
3300.0,0.254158616065979
3301.0,0.1226508840918541
3302.0,0.2423582375049591
3303.0,0.1226508840918541
3304.0,0.1226508840918541
3305.0,0.12885060906410217
3306.0,0.10509215295314789
3307.0,0.1226508840918541
3308.0,0.3779117465019226
3309.0,0.1226508840918541
3310.0,0.8245242834091187
3311.0,0.1226508840918541
3312.0,0.2122289091348648
3313.0,0.12660014629364014
3314.0,0.21688400208950043
3315.0,0.5053948760032654
3316.0,0.1226508840918541
3317.0,0.21848151087760925
3318.0,0.6946033239364624
3319.0,0.41449934244155884
3320.0,0.1226508840918541
3321.0,0.15547744929790497
3322.0,0.1226508840918541
3323.0,0.1226508840918541
3324.0,0.19533152878284454
3325.0,0.18839535117149353
3326.0,0.1226508840918541
3327.0,0.3909057676792145
3328.0,0.1226508840918541
3329.0,0.1226508840918541
3330.0,0.12569677829742432
3331.0,0.1226508840918541
3332.0,0.19357658922672272
3333.0,0.15410256385803223
3334.0,0.21596741676330566
3335.0,0.12929785251617432
3336.0,0.8586726188659668
3337.0,0.19059041142463684
3338.0,0.1414964348077774
3339.0,0.1226508840918541
3340.0,0.13253462314605713
3341.0,0.1226508840918541
3342.0,0.1226508840918541
3343.0,0.1226508840918541
3344.0,0.1226508840918541
3345.0,0.15250462293624878
3346.0,0.18303760886192322
3347.0,0.1226508840918541
3348.0,0.1226508840918541
3349.0,0.2377571314573288
3350.0,0.23139588534832
3351.0,0.1226508840918541
3352.0,0.188251331448555
3353.0,0.1226508840918541
3354.0,0.22442199289798737
3355.0,0.1226508840918541
3356.0,0.1606719195842743
3357.0,0.1226508840918541
3358.0,0.1226508840918541
3359.0,0.1226508840918541
3360.0,0.24125774204730988
3361.0,0.1814267933368683
3362.0,0.23975449800491333
3363.0,0.14113208651542664
3364.0,0.1226508840918541
3365.0,0.6953009366989136
3366.0,0.1315453052520752
3367.0,0.12642665207386017
3368.0,0.23018917441368103
3369.0,0.12575887143611908
3370.0,0.1690424382686615
3371.0,0.1436990648508072
3372.0,0.1851045787334442
3373.0,0.1598234474658966
3374.0,0.15194274485111237
3375.0,0.1243930533528328
3376.0,0.19231979548931122
3377.0,0.16291148960590363
3378.0,0.1226508840918541
3379.0,0.1226508840918541
3380.0,0.1251886785030365
3381.0,0.40681192278862
3382.0,0.20352810621261597
3383.0,0.22410854697227478
3384.0,0.1226508840918541
3385.0,0.16872555017471313
3386.0,0.12553638219833374
3387.0,0.15686550736427307
3388.0,0.1226508840918541
3389.0,0.1226508840918541
3390.0,0.20014220476150513
3391.0,0.7815510630607605
3392.0,0.22789011895656586
3393.0,0.13731804490089417
3394.0,0.1226508840918541
3395.0,0.19860847294330597
3396.0,0.1259644329547882
3397.0,0.6219609975814819
3398.0,0.2971806228160858
3399.0,0.1226508840918541
3400.0,0.125637486577034
3401.0,0.14988437294960022
3402.0,0.1226508840918541
3403.0,0.1226508840918541
3404.0,0.18227557837963104
3405.0,0.12498420476913452
3406.0,0.1498078852891922
3407.0,0.1399533450603485
3408.0,0.1240190640091896
3409.0,0.1290951520204544
3410.0,0.5549014210700989
3411.0,0.2356955111026764
3412.0,0.16579808294773102
3413.0,0.47666987776756287
3414.0,0.23488882184028625
3415.0,0.7467451691627502
3416.0,0.15809732675552368
3417.0,0.5090439319610596
3418.0,0.33481624722480774
3419.0,0.1226508840918541
3420.0,0.22925733029842377
3421.0,0.1226508840918541
3422.0,0.1226508840918541
3423.0,0.1226508840918541
3424.0,0.1226508840918541
3425.0,0.9211248159408569
3426.0,0.2360740453004837
3427.0,0.1226508840918541
3428.0,0.1226508840918541
3429.0,0.14872121810913086
3430.0,0.19172316789627075
3431.0,0.14200782775878906
3432.0,0.17696647346019745
3433.0,0.2249450385570526
3434.0,0.12641972303390503
3435.0,0.1469057947397232
3436.0,0.16295242309570312
3437.0,0.22789011895656586
3438.0,0.1226508840918541
3439.0,0.2323349565267563
3440.0,0.15861082077026367
3441.0,0.7876924276351929
3442.0,0.1226508840918541
3443.0,0.12476975470781326
3444.0,0.1226508840918541
3445.0,0.1226508840918541
3446.0,0.15063348412513733
3447.0,0.15402428805828094
3448.0,0.20091238617897034
3449.0,0.20352810621261597
3450.0,0.9201440215110779
3451.0,0.1226508840918541
3452.0,0.1226508840918541
3453.0,0.8891318440437317
3454.0,0.19975794851779938
3455.0,0.9246429800987244
3456.0,0.2152242362499237
3457.0,0.23171642422676086
3458.0,0.1226508840918541
3459.0,0.37492668628692627
3460.0,0.1226508840918541
3461.0,0.19552038609981537
3462.0,0.1226508840918541
3463.0,0.22372856736183167
3464.0,0.1226508840918541
3465.0,0.20606820285320282
3466.0,0.1226508840918541
3467.0,0.1226508840918541
3468.0,0.45118993520736694
3469.0,0.1226508840918541
3470.0,0.12593504786491394
3471.0,0.1226508840918541
3472.0,0.18720456957817078
3473.0,0.1226508840918541
3474.0,0.1226508840918541
3475.0,0.1226508840918541
3476.0,0.1226508840918541
3477.0,0.22594685852527618
3478.0,0.1226508840918541
3479.0,0.1829029619693756
3480.0,0.20489436388015747
3481.0,0.20411282777786255
3482.0,0.22161902487277985
3483.0,0.22244228422641754
3484.0,0.1226508840918541
3485.0,0.1456870287656784
3486.0,0.12332826107740402
3487.0,0.1226508840918541
3488.0,0.1226508840918541
3489.0,0.12815287709236145
3490.0,0.21617087721824646
3491.0,0.2399406135082245
3492.0,0.1226508840918541
3493.0,0.9134053587913513
3494.0,0.12822839617729187
3495.0,0.1226508840918541
3496.0,0.1226508840918541
3497.0,0.22799581289291382
3498.0,0.3395971357822418
3499.0,0.1226508840918541
3500.0,0.147622212767601
3501.0,0.1226508840918541
3502.0,0.20421038568019867
3503.0,0.2298976331949234
3504.0,0.13346077501773834
3505.0,0.12631919980049133
3506.0,0.1226508840918541
3507.0,0.07954078912734985
3508.0,0.2316506952047348
3509.0,0.1226508840918541
3510.0,0.1226508840918541
3511.0,0.1553848683834076
3512.0,0.1242973580956459
3513.0,0.1226508840918541
3514.0,0.1226508840918541
3515.0,0.1819705218076706
3516.0,0.1226508840918541
3517.0,0.1226508840918541
3518.0,0.2006233185529709
3519.0,0.1226508840918541
3520.0,0.9261090755462646
3521.0,0.9250032305717468
3522.0,0.179827019572258
3523.0,0.18434329330921173
3524.0,0.1226508840918541
3525.0,0.17122484743595123
3526.0,0.6189529895782471
3527.0,0.1226508840918541
3528.0,0.1226508840918541
3529.0,0.1226508840918541
3530.0,0.17541274428367615
3531.0,0.1226508840918541
3532.0,0.1226508840918541
3533.0,0.1226508840918541
3534.0,0.1226508840918541
3535.0,0.1226508840918541
3536.0,0.1667972058057785
3537.0,0.1226508840918541
3538.0,0.1226508840918541
3539.0,0.1226508840918541
3540.0,0.1226508840918541
3541.0,0.12609757483005524
3542.0,0.1226508840918541
3543.0,0.22567877173423767
3544.0,0.1226508840918541
3545.0,0.1226508840918541
3546.0,0.15777786076068878
3547.0,0.9094327092170715
3548.0,0.777086615562439
3549.0,0.1726355403661728
3550.0,0.13834908604621887
3551.0,0.1226508840918541
3552.0,0.09042586386203766
3553.0,0.1072121411561966
3554.0,0.1328733116388321
